CUNI-EdUKate	CUNI-MH-v3	Cohere CAT+	Command A+	DeepSeek V4 Pro	Dubformer	GLM 4 - 9B	GPT 5.5	GPT OSS 120B	GPT OSS 20B	Gemini 3.1 Pro	Gemma 4 - 31B	Gemma 4 - 4B	GoogleTranslate	Ministral 3 - 14B	Mistral Medium 3.5	Qingqiu-MT-9B	Qwen 3.5 - 9b	Qwen 3.6 - 27b	SalamandraTA	TRIVE	Tiny Aya Global	Tower 9B	UvA-MT
38.79	25.15	39.25	42.95	51.25	35.16	23.48	44.87	31.32	34.58	53.77	43.5	40.81	15.38	27.42	42.8	40.1	32.98	42.95	29.45	56.49	28.44	24.64	42.75
11.22	11.68	30.42	27.28	30.76	41.83	14.19	41.93	23.26	11.08	38.57	15.03	32.45	17.92	25.46	30.42	21.0	11.14	30.2	19.52	32.13	18.61	26.92	52.23
32.89	42.73	64.42	5.97	63.88	63.83	20.33	69.54	47.26	45.38	68.82	42.12	51.45	55.51	36.66	61.16	47.38	47.26	53.9	36.4	68.82	14.39	46.76	66.75
21.48	9.23	51.53	39.41	62.96	74.89	37.31	82.07	30.19	11.43	72.06	53.52	61.69	41.94	42.33	47.01	58.29	46.32	39.31	25.17	74.89	30.96	38.55	36.46
31.79	26.49	48.25	11.36	60.21	51.99	42.71	60.44	45.42	11.91	57.7	40.57	32.54	52.99	42.22	48.7	34.81	5.31	51.99	41.57	60.21	5.5	48.7	50.89
26.91	17.71	38.28	37.89	30.84	13.3	7.87	37.04	30.97	13.59	54.91	27.36	26.12	21.53	28.04	18.17	36.02	22.14	63.35	21.84	40.0	14.28	45.52	36.61
14.06	5.95	23.59	20.83	37.34	16.91	16.61	19.83	18.49	17.32	32.59	6.17	5.03	10.01	9.66	24.76	5.12	9.11	9.32	5.4	19.8	14.06	5.68	29.42
60.52	13.14	53.28	7.23	77.92	77.92	24.85	84.36	60.67	45.13	84.36	55.71	7.92	11.54	51.39	68.18	52.63	7.91	55.79	53.26	77.92	14.72	52.1	77.92
27.15	17.95	20.59	22.99	27.0	20.62	20.13	25.14	20.12	13.29	27.23	25.54	15.13	18.3	22.29	21.07	18.19	17.31	12.31	17.98	25.8	18.05	19.62	25.38
21.64	53.78	38.31	54.65	54.92	55.79	20.16	54.92	30.23	19.69	66.54	44.9	23.29	41.23	23.1	35.75	35.95	24.18	30.23	15.66	66.81	50.04	31.87	66.81
38.21	29.09	29.09	24.46	30.64	53.93	38.43	63.71	29.09	39.68	30.64	34.29	30.08	56.33	23.98	23.98	22.58	28.81	30.08	30.64	30.64	32.73	28.52	53.93
37.56	16.14	6.34	45.27	28.06	49.62	4.81	62.53	13.63	10.85	64.44	31.4	5.5	10.56	5.73	39.35	37.64	8.77	24.53	33.76	38.59	34.59	14.91	55.05
19.93	17.23	29.36	26.72	39.02	27.83	22.02	42.8	26.93	9.69	17.35	23.23	27.83	25.94	25.89	38.48	27.09	30.39	35.99	18.08	38.48	21.92	33.01	31.59
35.56	16.16	51.61	38.96	51.64	32.92	20.48	41.93	35.2	44.87	31.5	25.09	40.09	36.49	24.62	36.01	40.28	32.39	36.93	42.43	28.27	40.05	42.73	42.69
27.46	54.12	35.63	43.84	27.68	43.27	9.2	60.08	26.67	16.64	57.08	26.67	41.54	42.52	14.97	31.12	35.58	42.74	70.2	26.16	17.22	12.0	51.45	27.68
38.52	40.23	57.42	63.44	65.3	58.58	40.21	64.68	44.56	49.92	76.15	57.38	39.04	58.49	42.94	57.0	57.0	42.46	67.56	54.39	79.05	35.78	35.28	40.96
8.04	14.3	52.08	5.6	52.08	31.23	6.78	36.44	6.83	6.14	66.29	29.45	31.23	12.71	5.29	31.23	7.12	6.0	33.02	28.13	66.29	11.77	10.81	6.78
28.67	47.98	60.3	41.22	60.3	49.72	42.06	49.72	39.98	41.55	45.85	39.98	42.06	47.92	52.21	49.72	17.78	39.19	51.05	30.08	27.23	66.81	52.21	49.72
14.48	33.57	34.54	42.66	39.65	43.94	17.51	51.31	26.77	16.17	51.31	31.28	18.93	33.57	15.98	46.84	12.96	13.6	11.21	16.13	51.31	30.7	39.65	51.31
41.31	38.57	53.35	21.39	41.23	51.08	50.65	55.85	48.39	36.31	55.85	38.94	58.16	49.99	50.94	55.13	53.35	35.89	55.98	56.1	73.08	29.89	38.63	55.42
14.58	9.55	22.0	18.92	25.38	37.93	18.89	87.87	16.64	18.81	83.96	30.62	6.98	30.49	26.49	35.31	37.35	10.37	26.87	21.34	73.46	2.43	40.02	46.01
24.78	6.02	15.15	12.54	17.69	16.09	8.19	31.12	10.84	14.81	35.46	12.91	13.23	12.64	9.98	22.87	10.14	9.2	9.75	9.13	19.55	9.37	16.65	15.46
9.08	10.16	44.22	23.6	38.64	48.9	18.69	73.76	22.01	10.16	66.89	26.07	10.83	17.35	7.02	35.6	11.99	25.48	25.79	29.1	60.31	7.03	11.54	60.31
34.69	34.67	34.06	27.92	24.7	41.04	23.57	31.3	51.61	35.97	37.14	44.73	38.57	16.09	28.95	34.45	35.99	50.24	38.8	28.65	33.57	24.66	21.62	33.9
23.73	27.34	47.98	55.77	49.47	63.59	22.59	47.4	30.4	20.79	54.11	46.48	29.33	27.81	24.49	23.61	38.54	24.03	43.97	26.0	64.19	35.98	40.07	61.76
5.7	16.02	18.56	9.39	10.82	6.61	5.11	18.88	6.33	5.38	21.8	32.6	21.8	38.57	17.77	6.61	13.47	13.71	9.64	6.65	18.56	4.09	11.01	9.23
7.23	7.66	12.29	5.34	6.15	45.37	4.53	18.93	3.62	3.81	44.89	12.29	7.09	4.42	8.64	14.75	3.83	5.52	14.04	5.24	25.84	4.42	18.19	12.02
10.11	57.28	90.65	56.42	90.65	76.15	17.32	90.65	62.01	54.68	90.65	64.87	84.92	44.3	51.92	85.19	54.85	9.14	72.32	54.4	90.65	36.66	84.92	90.65
16.64	30.09	44.5	20.33	64.2	30.09	27.57	29.64	51.74	26.66	48.18	29.64	23.83	31.01	23.89	48.18	30.09	26.66	30.09	35.39	51.74	43.56	46.03	51.74
45.51	29.62	19.67	33.85	38.42	24.61	57.71	17.9	47.69	54.4	21.86	39.67	39.22	26.76	29.92	41.55	36.91	18.99	33.93	39.28	19.34	50.62	35.86	20.42
50.61	50.21	36.12	48.03	81.06	40.76	77.92	81.06	77.92	79.17	70.1	62.57	77.92	34.93	8.46	65.64	54.78	9.95	51.32	22.6	81.06	33.96	80.66	81.06
23.98	28.52	20.06	45.79	40.85	49.59	34.44	49.65	34.64	36.43	36.33	13.81	25.53	6.51	6.04	26.61	9.63	39.89	36.31	38.79	40.91	31.69	43.41	35.68
16.2	29.55	16.22	25.55	23.59	16.32	50.09	26.89	37.42	31.57	47.82	25.45	43.72	15.82	24.18	47.82	42.69	20.17	54.21	13.91	47.82	44.68	49.89	35.56
15.37	38.29	47.79	64.57	73.29	43.64	18.09	39.88	65.38	14.42	34.92	39.88	9.2	34.85	17.47	56.18	65.23	45.87	39.11	49.87	48.15	37.64	77.49	48.15
35.79	49.76	42.12	38.1	39.32	66.48	29.44	61.02	20.38	32.85	55.91	40.96	45.37	2.69	31.9	48.36	46.09	35.22	39.58	49.59	59.37	38.04	37.08	61.43
16.44	47.72	71.89	48.59	84.28	53.82	29.26	68.88	47.63	41.18	84.28	43.11	47.37	13.64	36.99	44.22	34.75	42.94	33.75	49.89	78.09	50.09	50.09	17.38
26.03	21.55	37.56	20.87	34.11	37.78	18.03	34.86	20.62	6.6	43.02	24.73	23.84	25.73	22.02	28.3	28.02	21.78	10.31	33.8	33.46	23.23	31.68	39.3
20.95	25.97	26.36	6.28	34.76	36.47	22.57	41.14	12.31	12.1	24.27	22.93	16.26	19.62	39.35	20.13	21.69	10.54	21.09	22.18	32.99	20.34	26.41	45.21
12.17	21.16	16.54	15.91	13.55	13.55	5.71	16.54	13.33	4.09	23.11	16.01	9.94	6.66	11.72	13.55	20.33	16.64	18.23	8.59	17.24	13.8	10.45	14.71
21.01	58.24	54.4	51.36	60.73	76.36	47.75	54.85	42.07	37.4	50.34	49.1	38.35	45.9	46.46	59.28	52.67	39.74	49.1	35.25	66.11	1.43	62.51	84.67
23.61	31.18	12.41	7.99	40.86	27.03	9.41	27.04	11.13	21.22	32.67	23.6	16.73	30.91	2.91	14.38	12.14	21.08	10.19	18.44	42.4	23.61	32.47	30.78
4.45	5.54	32.77	28.31	30.6	28.31	25.38	62.47	8.42	27.88	36.31	15.82	25.64	6.2	7.08	14.3	5.59	7.61	14.97	29.11	51.47	29.11	12.64	46.21
14.6	6.44	18.59	17.48	26.86	15.35	3.81	23.67	3.84	11.5	25.1	16.45	8.47	4.22	11.34	16.81	9.9	6.63	5.75	15.0	32.78	4.8	11.07	22.75
30.66	11.62	12.48	31.83	46.23	58.45	4.45	60.55	35.61	11.47	69.67	76.31	55.75	38.35	26.92	52.64	54.04	25.01	41.23	17.85	78.34	24.13	37.91	52.42
34.67	12.26	48.09	49.88	64.65	48.82	11.31	65.86	40.62	21.18	80.63	75.91	38.28	12.58	10.99	59.49	54.64	35.05	26.63	65.86	65.86	16.74	50.21	75.91
40.94	25.47	22.42	19.23	72.54	58.16	37.89	69.9	27.61	29.58	82.66	76.03	50.76	18.83	33.25	48.88	36.93	29.67	40.94	54.18	82.66	36.15	49.61	33.03
32.16	39.17	39.88	66.37	56.72	60.61	18.01	73.38	26.49	29.93	75.19	60.07	53.4	21.85	19.31	41.55	41.9	30.1	8.23	22.54	42.99	4.51	36.83	8.64
36.31	54.76	54.6	62.57	73.32	69.61	19.29	81.96	65.37	48.22	64.14	65.37	62.7	52.05	66.91	81.96	68.8	51.19	75.06	62.3	81.96	45.25	52.61	61.71
31.98	41.76	35.43	10.82	24.66	33.64	30.55	69.99	10.36	10.18	47.59	45.31	38.97	15.26	51.81	33.5	29.34	17.97	11.96	45.18	21.68	37.2	52.19	18.27
23.28	18.57	26.24	7.43	52.62	37.63	20.8	67.74	23.39	9.76	67.74	31.24	14.23	9.56	41.38	52.62	11.0	9.97	9.85	15.14	37.63	13.35	19.91	52.62
56.5	58.21	39.62	49.38	61.58	66.63	61.55	66.63	52.17	73.92	57.32	61.58	61.58	14.53	25.55	57.32	44.27	46.96	52.17	61.58	57.32	41.04	44.36	52.17
32.16	12.37	28.58	17.81	24.55	16.42	9.06	39.39	15.05	8.37	39.46	16.83	8.59	9.94	7.38	28.97	13.44	39.77	33.87	57.19	37.33	12.81	15.47	37.32
15.67	12.99	15.64	18.53	30.17	13.62	35.42	30.67	26.03	10.53	26.89	19.65	19.59	8.19	29.11	30.82	19.62	18.24	29.71	10.29	13.62	16.48	19.32	13.62
7.99	7.44	10.52	10.52	10.52	12.04	27.15	61.28	5.65	5.09	51.18	10.52	7.44	7.44	7.93	12.04	4.33	15.77	4.78	7.44	51.18	2.58	6.02	10.52
7.1	7.0	11.47	11.92	27.22	27.48	15.06	57.25	14.41	10.96	46.6	13.42	16.04	13.81	14.06	21.42	8.94	9.23	13.63	10.42	57.25	10.03	9.97	53.64
35.04	30.72	39.52	24.86	58.67	68.2	54.69	42.57	34.76	29.0	54.48	39.51	32.59	19.82	24.5	24.48	24.15	28.5	26.99	57.68	33.47	45.31	32.49	30.14
20.36	18.83	20.5	19.91	29.52	30.31	16.18	48.37	19.97	29.62	48.37	24.33	26.81	36.06	30.27	46.45	15.74	28.43	27.32	12.83	39.32	13.93	21.11	39.32
45.83	38.49	46.79	40.55	43.23	54.94	40.55	60.67	39.43	37.44	60.67	42.47	32.06	34.68	40.51	44.16	46.51	39.81	46.22	46.66	60.67	44.91	45.12	38.41
23.58	38.09	35.98	35.59	56.15	45.81	27.79	41.96	55.99	29.7	52.01	65.11	31.38	44.82	27.12	43.06	36.49	29.79	31.27	48.71	36.54	27.82	54.95	38.56
40.49	50.33	58.18	57.25	61.2	55.63	31.42	69.3	44.36	32.69	75.97	48.16	48.62	40.49	41.91	57.25	47.25	33.04	38.6	75.91	67.61	28.92	39.58	43.11
7.41	4.1	7.41	34.69	34.69	7.84	7.35	15.86	15.26	7.41	15.91	7.84	10.79	7.41	6.44	15.26	9.32	7.84	7.84	7.84	15.86	3.22	24.18	15.26
11.37	13.99	39.62	26.66	51.21	48.55	10.99	47.13	22.87	12.42	51.21	30.27	31.83	27.33	1.39	39.62	25.41	19.92	31.83	43.04	40.51	8.69	34.33	57.41
50.55	26.33	53.35	48.11	56.12	53.76	44.9	55.46	34.17	36.88	55.46	58.88	47.12	33.2	40.97	62.16	45.98	33.08	65.76	70.3	50.73	39.19	42.67	64.73
13.96	48.85	76.09	48.91	57.16	70.93	54.3	60.11	37.12	43.18	64.51	52.16	32.88	36.34	48.73	70.64	61.51	51.42	76.09	51.02	70.93	49.75	63.23	84.67
20.89	23.78	19.9	29.6	29.64	25.18	26.56	32.97	20.04	14.57	37.78	24.67	17.9	30.03	17.92	26.17	26.56	17.47	32.7	17.75	34.49	19.39	18.65	32.44
67.06	74.3	79.71	75.77	70.85	73.03	34.46	65.5	73.15	35.43	75.9	77.08	67.93	69.38	30.53	63.52	79.71	75.3	78.26	62.17	75.9	64.88	58.03	75.9
19.36	61.97	45.26	25.74	59.0	52.17	63.82	76.92	19.43	17.49	76.92	59.0	27.3	22.35	18.84	17.83	27.3	11.51	72.93	27.3	76.92	25.74	59.0	32.77
19.38	19.38	53.93	67.36	50.44	53.93	10.88	53.08	12.94	10.41	35.83	56.77	50.44	12.45	12.52	10.26	10.4	12.06	49.85	6.18	33.34	12.96	76.7	36.02
12.0	16.92	63.84	14.64	58.21	11.98	6.53	58.21	9.49	7.54	82.32	24.77	10.42	4.29	9.56	18.24	11.2	30.71	27.97	7.02	58.77	5.62	24.94	82.32
21.27	17.27	29.43	26.24	41.47	41.47	28.02	41.12	41.54	30.59	38.17	22.44	31.05	6.36	14.54	35.47	10.59	22.02	20.68	19.24	45.6	18.04	26.14	41.19
10.92	25.51	32.93	33.92	46.4	40.06	24.75	60.47	30.68	16.4	60.47	39.17	19.39	34.32	40.74	49.44	37.86	28.47	38.46	32.07	47.99	9.43	19.0	49.91
8.89	5.11	10.05	7.35	40.64	23.9	14.38	26.13	39.18	16.19	28.65	61.15	23.9	10.83	9.1	19.16	7.86	31.61	25.75	31.46	28.65	26.2	31.61	52.96
18.33	8.64	21.33	22.17	23.42	22.17	5.81	34.56	25.96	2.58	19.51	22.33	18.16	15.45	19.51	29.18	9.56	7.33	11.46	12.11	24.77	3.8	17.86	13.28
21.38	19.85	34.19	28.13	43.42	28.1	26.68	46.09	41.05	5.7	54.64	46.09	26.68	11.73	22.6	38.4	14.3	8.29	34.05	19.85	37.28	4.33	51.52	33.0
71.47	54.07	68.43	73.42	75.62	79.75	67.44	79.75	71.47	44.58	89.42	79.75	51.36	48.61	47.25	79.75	64.21	67.44	71.47	71.6	79.75	45.1	79.75	79.75
38.22	36.41	39.15	45.24	62.55	45.24	14.05	51.39	48.46	12.31	69.75	45.24	36.42	12.11	11.57	43.59	35.14	38.22	54.36	27.51	73.29	36.42	36.42	21.53
34.93	13.4	41.69	16.05	69.81	57.4	8.69	64.03	16.97	16.16	73.4	44.13	22.3	11.39	22.34	52.65	15.48	19.8	34.03	54.22	73.4	32.83	36.66	61.68
36.14	17.63	39.9	47.53	47.25	39.27	31.07	50.01	42.55	26.1	47.5	28.49	35.43	47.48	36.8	37.16	37.4	33.79	41.8	53.77	39.91	25.83	50.47	44.63
25.11	23.55	55.97	42.35	54.69	55.61	45.7	76.43	42.87	34.61	60.86	51.6	35.92	27.55	25.85	60.86	34.76	43.59	60.86	24.3	60.86	21.57	54.36	55.61
54.9	74.8	55.01	73.2	65.45	65.16	47.58	81.67	63.22	47.04	93.79	56.4	58.75	53.15	29.11	32.44	64.73	30.42	58.75	31.55	100.0	36.03	61.27	65.45
18.25	23.03	45.11	41.46	26.34	24.68	8.15	17.42	14.87	9.15	24.86	41.87	5.98	30.96	24.55	28.04	38.28	12.92	22.64	29.17	44.73	19.11	9.21	41.66
42.25	40.05	27.18	55.7	36.42	50.97	32.49	37.04	32.69	11.28	37.47	36.31	35.27	13.73	17.66	40.17	21.25	14.63	29.22	26.89	39.69	29.77	34.91	44.84
17.08	18.51	37.03	32.52	51.47	39.04	28.53	34.71	31.87	39.04	34.71	32.52	31.99	15.59	14.83	37.03	26.34	15.94	34.11	16.39	51.47	15.25	17.46	25.35
17.38	33.05	52.77	42.21	61.31	32.55	15.75	42.23	41.52	17.93	43.59	62.41	12.86	19.12	23.71	24.1	48.59	18.73	25.7	22.19	50.92	9.76	16.72	41.84
20.61	31.73	21.95	32.71	29.88	43.2	5.76	32.8	24.17	51.19	48.46	42.1	9.11	21.67	18.18	31.76	6.93	5.64	21.03	5.32	13.01	1.88	31.8	13.01
16.02	12.61	19.12	18.43	36.24	10.17	5.26	38.36	14.39	22.24	32.6	45.36	5.82	18.09	7.41	19.7	15.34	13.35	19.81	28.09	43.91	5.19	31.24	41.11
16.43	12.79	18.9	36.77	41.85	56.87	35.59	65.17	51.6	20.36	64.02	53.83	29.83	19.36	13.38	25.15	27.27	8.82	42.91	20.25	64.02	34.8	45.01	48.3
26.51	14.33	18.71	20.96	12.99	17.13	3.94	29.72	17.13	15.08	38.65	10.37	6.9	17.61	20.67	27.57	13.55	24.51	10.34	10.92	40.45	5.87	11.94	45.49
49.19	60.48	88.95	80.38	88.95	74.52	40.51	74.52	45.88	40.93	88.95	77.15	69.74	49.76	58.05	77.64	69.74	30.77	61.43	39.11	88.95	68.8	35.88	88.95
58.27	49.2	76.12	100.0	100.0	78.25	35.74	100.0	100.0	57.97	78.25	52.66	100.0	24.18	21.97	62.98	76.12	23.4	53.34	57.31	76.12	42.48	52.66	78.25
48.28	43.64	63.93	38.61	80.2	50.11	59.39	61.48	48.73	27.73	69.75	71.01	32.47	30.62	71.01	59.17	50.11	52.82	55.44	25.54	59.24	27.46	69.1	69.71
21.27	10.67	23.71	24.76	51.24	43.94	8.67	74.17	40.39	20.15	74.17	18.33	22.43	20.94	8.3	22.48	20.92	13.16	20.88	40.64	59.2	34.61	20.87	26.61
21.27	10.67	57.29	21.28	32.58	32.28	4.97	28.14	66.78	14.79	74.17	34.46	33.65	20.94	6.62	38.75	19.7	12.96	21.43	12.21	49.25	19.05	22.45	30.6
39.86	30.38	29.99	55.11	49.32	45.22	17.44	56.64	32.47	15.92	52.22	42.51	36.45	46.89	38.37	41.15	31.88	8.89	19.48	14.66	35.42	14.44	48.7	52.24
43.07	44.08	65.52	66.07	68.92	81.32	39.09	81.32	62.85	34.43	81.32	67.48	61.65	37.93	60.56	67.04	83.59	70.73	59.81	63.57	58.21	57.75	53.8	76.69
3.62	11.24	19.26	15.66	19.91	20.7	7.08	33.98	30.05	6.5	21.03	4.58	15.64	18.91	1.89	35.57	15.66	15.66	8.7	9.8	18.63	19.21	26.92	24.18
37.61	41.15	69.49	80.08	88.07	81.25	16.61	87.35	48.93	25.06	94.06	56.67	43.99	58.15	23.68	88.07	58.95	50.47	62.01	56.71	80.49	35.04	40.44	87.35
61.43	45.49	57.03	62.05	70.3	60.64	31.58	71.82	64.81	50.34	71.82	50.34	38.27	60.75	35.16	60.64	72.09	21.99	40.19	80.2	71.82	51.71	43.99	70.3
16.54	12.49	74.87	25.64	74.87	81.54	12.35	100.0	30.67	11.33	100.0	33.95	31.62	13.83	81.54	81.54	30.29	49.72	56.77	74.87	74.87	30.33	24.08	74.87
36.36	24.66	32.94	24.31	53.72	46.52	12.85	73.05	40.87	23.97	74.16	32.92	29.48	32.56	30.22	60.72	43.83	16.08	49.6	29.71	76.06	18.67	29.16	49.19
41.2	34.82	68.53	35.93	83.94	78.09	41.32	78.09	58.76	42.32	78.09	34.6	34.99	29.28	59.18	78.09	41.32	32.83	36.92	35.59	78.09	34.89	41.32	46.31
10.42	34.39	32.23	26.44	62.7	77.67	20.06	100.0	33.44	8.54	74.32	31.83	16.45	6.38	25.11	54.21	23.27	18.37	22.66	28.09	78.48	8.86	30.88	81.38
7.48	10.9	43.85	40.29	22.93	30.03	23.71	28.69	36.66	13.83	8.01	7.67	4.39	15.73	19.33	23.33	6.38	8.15	11.66	18.43	11.53	11.12	8.15	30.09
21.24	27.73	9.14	64.14	38.75	11.82	6.52	85.71	11.12	11.37	38.75	59.42	8.44	7.66	16.25	44.57	27.41	43.72	36.86	11.03	43.72	37.63	14.08	60.55
4.8	15.61	20.04	4.92	14.5	24.2	15.59	23.1	11.38	10.37	23.1	5.11	14.21	4.82	5.11	15.8	15.61	5.73	15.8	4.15	23.1	5.71	3.52	4.98
8.33	16.2	39.14	11.63	18.28	19.07	8.07	50.36	7.93	13.65	22.84	16.25	3.63	15.98	32.1	38.15	11.04	7.72	9.02	19.69	22.06	7.03	29.8	34.49
8.54	14.71	13.48	20.17	33.38	15.05	15.04	23.44	18.44	4.52	23.67	27.68	11.18	12.85	11.67	14.01	11.64	6.47	6.45	34.72	14.01	11.21	25.89	20.2
32.64	25.63	29.35	40.17	57.75	53.55	10.35	41.6	17.86	18.4	47.08	32.86	30.41	33.78	32.76	32.44	35.34	22.22	25.72	23.05	30.1	6.3	24.89	36.03
26.68	16.19	27.79	19.37	38.49	37.54	25.69	34.42	39.36	17.28	33.41	31.41	23.02	27.02	38.72	45.35	22.41	28.61	28.08	10.65	31.05	11.53	36.01	33.63
12.64	10.89	29.83	22.44	65.15	44.16	8.64	65.36	32.34	27.93	54.57	42.34	15.22	4.54	4.69	29.92	8.52	14.65	24.63	4.35	65.36	14.65	8.69	54.72
14.3	15.83	31.97	31.99	37.68	37.54	3.01	38.51	39.42	21.64	40.6	34.03	27.57	13.52	31.99	38.49	15.37	2.86	22.61	24.16	33.46	3.01	31.97	44.13
42.97	47.99	44.13	32.48	46.98	63.91	18.84	56.32	46.98	33.46	60.94	53.05	63.91	28.47	36.19	54.79	41.61	40.45	31.72	57.87	53.23	18.65	51.39	59.5
43.11	42.67	53.1	49.83	55.44	55.44	27.59	41.85	40.03	26.8	40.26	50.2	46.86	32.04	30.75	64.11	55.44	28.6	37.17	10.65	40.26	33.47	51.1	53.16
18.27	24.46	55.92	56.0	65.22	61.35	35.95	69.44	61.71	55.92	63.76	63.66	62.07	19.34	41.21	70.65	53.88	65.58	37.29	31.54	63.66	24.41	55.92	63.76
9.62	43.45	48.89	30.76	63.14	56.39	23.45	81.79	42.17	44.31	81.79	31.35	20.47	13.66	28.58	39.43	30.34	50.69	39.99	29.93	72.91	19.45	43.45	60.91
9.18	8.76	20.97	11.49	6.91	21.83	9.17	14.22	8.83	18.02	14.24	28.01	25.98	17.53	9.97	24.04	33.94	25.57	26.73	12.91	12.83	5.45	21.26	10.25
22.46	21.7	34.51	32.32	35.37	48.65	22.08	62.4	22.03	35.76	79.93	16.82	35.49	13.33	46.35	16.69	32.92	29.53	20.0	10.82	62.35	18.62	36.49	14.58
11.27	23.8	34.26	34.63	58.16	23.23	13.23	55.9	24.05	11.0	55.07	22.47	31.72	24.45	7.86	37.2	26.77	10.11	29.11	16.62	42.8	12.83	25.17	30.56
39.19	61.52	51.02	71.0	71.0	61.52	20.5	44.78	56.66	40.27	84.67	44.78	19.37	58.01	36.54	71.0	34.14	14.85	38.52	78.9	90.96	40.69	38.01	61.81
42.01	53.23	69.19	39.33	76.55	60.3	48.83	67.89	58.01	49.79	69.93	48.28	59.44	64.15	48.14	78.12	58.06	48.44	40.75	54.64	58.01	52.69	71.31	58.01
4.24	4.56	8.81	10.77	17.29	29.02	9.24	30.1	22.97	22.15	29.02	24.49	29.51	11.85	19.4	23.75	23.18	6.63	10.81	18.34	30.47	34.54	18.92	9.36
43.99	30.1	32.15	30.49	69.84	61.42	43.5	44.57	50.05	14.34	44.11	54.78	32.64	23.88	33.12	33.37	21.7	20.2	27.52	14.93	55.31	39.26	43.39	37.19
18.12	10.11	23.22	31.57	23.89	38.27	15.93	40.45	14.13	7.42	61.69	46.02	21.2	12.61	32.48	22.87	11.35	6.41	5.96	24.58	37.45	6.12	29.6	29.04
9.04	26.18	23.55	8.96	41.89	24.38	6.09	92.11	15.47	8.24	100.0	17.88	14.42	12.88	12.42	9.86	17.68	6.09	5.92	5.65	48.2	5.4	14.88	17.7
21.27	34.31	39.86	34.09	43.81	48.72	47.92	52.55	39.54	40.83	42.53	44.69	29.93	32.73	63.78	54.72	35.36	43.47	44.01	34.17	48.72	35.92	53.5	45.31
25.87	14.13	35.39	25.48	45.44	43.6	42.29	43.6	25.57	10.16	40.49	32.2	7.94	7.38	6.8	45.99	32.2	20.42	23.05	26.57	41.66	40.99	25.48	16.48
22.38	37.73	23.8	38.32	37.78	53.65	6.92	35.82	37.04	40.02	45.87	46.3	29.24	13.32	28.56	24.31	19.86	29.76	24.63	18.16	54.68	21.62	24.96	53.19
38.72	38.72	49.74	49.74	24.81	49.74	13.79	49.74	42.5	27.09	49.74	24.81	24.81	38.72	18.92	49.74	46.6	53.67	49.74	6.84	67.03	5.09	49.74	22.63
53.4	33.07	9.23	17.67	9.23	9.23	15.98	9.01	11.88	22.59	37.83	41.83	31.65	16.25	7.16	7.94	9.04	30.17	41.82	23.31	9.01	24.54	9.04	16.25
15.32	30.64	52.01	32.13	46.3	54.02	37.23	100.0	50.14	47.45	86.56	35.55	37.74	37.03	17.23	54.85	56.33	47.22	54.85	52.89	37.74	22.5	39.97	50.0
5.42	10.35	26.68	12.99	43.59	84.92	8.28	100.0	18.81	10.11	37.75	49.3	21.95	23.38	2.35	41.95	20.97	28.73	34.03	20.97	43.59	11.27	30.6	84.92
55.36	46.37	46.76	49.85	63.7	56.18	39.16	57.25	47.34	36.69	63.29	51.0	64.98	53.15	48.36	58.74	43.92	43.67	48.49	61.65	74.63	47.27	45.07	65.45
12.68	22.07	28.43	27.32	48.7	43.84	8.62	58.83	33.64	16.89	68.9	46.41	23.51	35.18	24.14	61.94	31.44	21.35	32.98	19.19	58.83	19.77	32.87	29.63
46.32	48.58	38.84	52.53	41.12	67.94	38.13	100.0	26.28	37.31	60.41	53.16	40.14	31.82	43.24	58.75	33.7	33.06	30.58	54.4	60.33	40.64	46.64	57.05
50.53	24.18	24.9	9.22	24.9	13.4	6.99	11.06	11.37	5.46	17.63	9.22	17.73	9.22	5.78	11.06	19.21	24.18	26.28	27.59	30.79	14.55	21.53	7.39
8.28	4.27	5.29	8.77	53.46	38.52	3.12	37.71	31.12	7.21	49.61	32.68	7.18	10.27	11.3	27.04	8.38	20.43	6.21	19.77	33.44	2.67	24.93	33.89
9.02	10.21	34.05	40.19	47.03	40.19	6.94	76.98	36.0	9.23	52.52	34.39	16.25	10.14	5.26	47.05	6.68	6.05	22.81	40.19	45.45	6.22	13.52	62.53
31.76	29.56	28.47	19.97	52.56	27.9	10.13	65.8	28.24	9.52	24.81	42.14	31.24	30.72	15.13	27.9	31.76	26.92	64.96	28.24	65.8	31.24	64.96	65.8
11.32	11.92	25.7	19.39	28.15	3.65	3.62	38.65	14.63	15.93	40.83	15.0	29.27	11.13	26.1	34.79	20.09	11.29	23.06	25.37	22.46	12.23	23.75	27.28
23.61	34.19	35.64	35.64	33.41	38.55	34.19	58.21	13.8	24.67	33.41	34.08	29.46	31.01	18.93	38.4	14.41	28.88	35.64	34.78	35.64	35.64	40.11	35.64
28.92	41.03	66.36	45.26	87.14	61.37	47.2	89.96	42.0	33.62	92.79	51.96	42.08	27.2	38.64	67.4	35.51	29.13	44.15	37.2	87.14	24.16	44.15	55.76
10.09	10.36	17.86	13.91	18.48	13.13	12.0	49.32	32.86	27.09	78.45	37.05	18.93	14.48	11.12	14.24	13.47	7.12	12.65	35.82	63.7	10.62	11.88	15.37
14.34	13.97	49.25	14.3	45.55	20.15	17.94	41.56	13.23	9.13	72.0	47.77	9.39	14.34	13.28	31.31	12.86	13.27	10.14	5.14	48.96	4.04	18.87	64.74
30.6	4.9	29.56	58.49	59.21	51.35	40.78	35.97	25.97	16.07	61.43	48.84	25.56	20.67	33.46	41.79	29.51	33.26	37.88	34.59	67.0	19.6	29.09	41.8
31.38	30.79	32.68	35.51	27.33	45.37	29.17	53.25	11.08	9.5	36.99	31.42	29.57	32.81	13.89	31.1	31.02	13.09	35.64	24.16	39.82	23.95	16.95	22.11
8.62	8.73	52.98	32.44	55.9	57.64	12.0	74.84	8.38	9.69	58.67	36.27	10.26	9.05	25.39	37.47	8.07	6.42	20.03	22.01	71.31	16.85	27.7	83.18
22.94	17.57	34.33	34.37	33.85	50.83	10.1	34.37	33.49	34.36	54.4	19.3	22.87	25.73	23.93	12.58	15.8	17.95	19.24	26.22	34.33	12.83	27.37	26.12
45.16	39.47	51.56	42.1	54.03	53.29	16.59	100.0	27.62	27.62	65.68	67.0	42.82	52.52	32.94	54.58	42.13	25.43	46.83	31.49	43.96	54.95	33.7	56.55
13.04	27.75	36.43	41.25	46.29	38.14	27.13	73.83	46.37	40.52	73.83	63.99	48.38	28.94	38.46	57.52	37.12	28.95	47.08	39.43	76.6	47.3	48.6	49.66
15.45	23.71	39.9	17.51	43.04	51.3	9.62	44.65	39.72	5.54	42.26	32.6	18.46	13.6	6.61	42.66	10.08	6.89	15.27	10.05	36.99	7.27	12.06	29.82
15.3	14.52	31.32	17.28	22.7	27.45	7.88	36.72	4.83	12.98	58.28	30.84	18.47	21.04	6.08	21.59	16.0	9.98	20.38	22.51	47.23	3.72	17.38	32.02
39.57	39.55	44.35	86.19	85.79	85.79	19.57	73.44	71.03	27.59	85.79	61.7	37.42	32.76	52.9	61.7	81.94	50.86	85.79	25.14	62.68	28.62	85.79	70.77
36.51	49.3	62.22	43.91	85.46	56.39	48.55	68.25	52.08	43.99	79.28	26.28	10.6	39.85	30.94	54.82	34.91	15.91	15.91	68.25	68.25	36.51	36.51	68.25
32.44	15.81	32.28	60.53	45.93	47.5	51.63	45.04	23.3	25.79	55.08	47.08	41.07	20.56	20.08	42.14	32.03	29.37	27.62	33.74	45.04	38.19	13.96	60.48
21.22	11.39	8.02	46.28	47.72	42.59	17.67	55.08	36.52	24.74	65.37	26.52	26.25	5.23	17.45	41.23	29.62	14.76	42.45	59.07	49.95	4.2	48.18	46.38
42.38	65.66	67.98	56.48	61.17	56.29	48.45	61.4	63.18	53.77	84.71	54.01	57.65	60.12	41.15	52.48	58.75	52.59	44.53	57.82	72.72	59.38	48.04	61.74
48.21	63.69	71.65	57.16	24.32	71.41	45.81	27.08	49.3	43.41	67.83	71.41	43.12	61.15	34.12	55.15	67.28	45.81	56.98	57.1	71.45	59.28	47.31	55.15
37.25	27.87	7.76	5.27	59.19	49.85	10.97	53.14	15.81	5.86	68.35	21.13	20.57	48.09	20.88	37.66	15.96	18.18	31.0	27.91	56.16	18.05	19.95	54.35
9.49	27.47	14.69	6.07	5.61	13.52	4.46	19.23	8.52	3.99	14.73	26.94	5.3	5.31	9.56	5.82	11.99	4.32	8.1	6.39	24.74	6.67	14.13	13.87
40.39	56.78	17.74	12.16	32.27	36.97	11.79	48.26	23.93	31.45	28.68	24.4	33.66	7.89	24.97	45.68	38.36	27.35	30.41	17.83	36.35	11.04	30.34	36.35
31.87	45.01	32.64	31.87	55.14	66.82	22.86	41.02	43.52	36.24	77.34	39.34	23.76	16.11	26.36	32.25	50.52	28.33	25.16	7.64	38.54	37.23	41.44	26.7
36.34	33.42	50.92	42.35	59.63	66.19	20.34	67.75	43.43	18.46	59.77	41.69	45.42	27.6	36.37	64.02	48.5	44.43	32.84	29.5	51.7	25.74	17.12	54.56
33.26	18.6	19.33	58.77	47.54	70.17	70.17	100.0	47.54	52.61	47.54	47.54	58.77	24.38	30.13	70.17	19.33	16.81	70.17	19.33	19.33	38.83	18.6	19.33
11.32	8.64	15.27	13.74	17.35	16.68	10.19	17.35	14.96	3.35	40.26	30.16	10.19	9.6	8.93	6.79	17.11	4.34	17.36	16.27	37.96	7.23	7.71	39.29
75.27	51.42	63.22	71.71	84.67	75.27	42.07	84.67	51.43	17.68	87.87	87.87	60.05	71.71	52.69	75.27	69.27	59.71	70.33	64.81	78.9	49.58	49.05	48.14
6.71	7.08	5.34	3.71	12.12	6.0	9.77	12.13	12.89	4.89	14.12	8.93	2.91	6.71	8.95	20.61	12.96	5.96	6.07	6.69	7.0	3.36	7.65	27.65
9.55	13.27	51.92	33.46	54.69	29.57	21.33	54.69	31.73	14.63	51.92	51.92	20.52	15.59	41.47	24.11	18.73	14.9	37.63	35.49	51.92	17.94	51.92	51.92
89.32	89.32	100.0	67.04	74.19	74.19	67.04	74.19	100.0	90.36	74.19	100.0	100.0	89.32	67.04	90.36	100.0	74.19	44.97	73.49	74.19	80.71	90.36	74.19
4.86	5.82	15.73	15.08	38.46	37.95	5.81	59.33	25.48	23.93	48.52	16.92	34.53	10.13	13.8	17.86	15.42	13.6	31.24	22.66	43.6	13.33	34.53	33.3
30.73	43.57	35.54	39.25	58.06	58.06	12.85	75.82	38.39	19.47	58.06	58.06	31.28	19.46	29.79	49.94	49.94	30.78	49.94	49.94	75.82	36.85	49.94	75.82
24.44	13.89	16.91	13.43	11.94	24.44	12.28	50.45	38.95	17.67	85.91	16.91	9.49	15.67	13.35	16.68	25.88	17.13	13.43	16.91	50.45	16.91	16.91	20.8
8.98	9.19	9.55	19.16	25.21	40.21	11.88	35.85	28.2	21.94	20.05	8.69	10.69	21.22	7.66	12.39	16.54	14.77	21.68	20.51	39.39	21.2	14.15	34.76
43.91	15.6	56.43	33.6	84.83	84.83	3.55	100.0	61.62	24.1	81.28	53.88	9.33	49.86	7.41	61.02	29.04	39.62	27.8	46.1	100.0	30.96	21.49	69.61
38.75	38.82	27.74	34.78	67.33	48.72	58.11	57.03	35.7	20.44	70.23	56.39	38.79	47.56	29.47	59.62	62.12	23.82	31.51	71.61	58.79	42.2	39.79	53.62
17.49	24.91	21.52	42.14	31.05	34.07	19.87	62.91	38.31	11.43	60.2	22.53	41.01	34.34	20.97	20.17	26.42	20.69	23.08	21.52	64.41	19.96	41.18	25.43
18.86	3.69	10.44	53.76	38.74	22.61	3.8	38.74	44.0	8.65	53.76	29.94	8.32	20.9	28.38	24.52	20.97	18.86	25.31	25.13	45.74	25.55	20.33	12.04
4.66	4.66	16.4	11.5	11.6	32.0	19.56	18.15	8.2	4.37	32.0	27.14	8.52	13.79	6.47	24.71	4.66	4.62	8.45	8.45	32.28	7.84	8.45	32.0
33.03	32.59	45.85	52.13	62.96	41.88	35.09	55.23	53.01	9.38	56.03	50.1	17.56	27.05	35.09	28.77	59.64	6.13	8.54	42.8	42.79	16.25	37.86	36.86
9.72	8.79	27.07	72.98	50.82	72.98	9.3	32.62	21.04	13.11	56.64	29.15	14.88	41.02	7.76	41.02	35.99	7.47	50.82	26.98	35.99	9.27	27.07	72.98
35.75	48.79	53.21	66.69	68.69	79.22	50.64	60.61	58.05	21.25	73.98	55.53	50.77	33.54	54.84	65.44	45.81	53.78	51.61	44.09	45.29	52.31	49.88	47.27
12.97	12.42	27.33	16.46	40.3	35.63	21.06	83.09	42.3	19.65	41.71	27.23	10.45	12.78	16.75	29.7	25.18	24.26	32.76	20.81	42.63	17.32	26.76	49.1
17.53	1.05	32.68	30.83	29.58	37.72	9.74	30.29	14.12	13.4	41.71	28.02	19.76	18.7	23.2	33.88	16.71	10.31	16.33	9.22	34.4	9.39	27.88	30.07
25.56	35.56	50.46	46.87	41.4	52.14	26.28	55.68	44.87	32.22	52.16	46.87	40.94	48.53	30.65	46.87	26.55	57.53	40.69	40.92	52.16	47.91	39.5	41.82
5.39	10.22	34.42	21.11	58.96	28.31	6.71	31.9	14.32	26.9	53.05	45.1	28.83	15.88	28.7	39.43	8.53	13.18	18.91	29.71	41.99	7.05	9.99	38.53
21.86	33.02	45.04	25.74	25.28	48.56	17.7	72.66	34.29	22.22	88.18	39.64	23.37	20.74	9.98	19.69	29.4	6.97	27.57	27.35	82.01	18.44	28.67	82.01
11.48	24.72	37.03	39.29	45.51	55.92	10.12	55.92	17.66	20.75	43.14	37.95	20.37	34.47	38.34	26.16	22.35	14.34	19.87	35.36	40.44	14.82	12.18	40.1
27.48	20.73	41.43	20.38	52.89	59.62	15.32	84.1	40.9	22.19	65.18	35.14	30.97	28.63	30.77	40.29	39.39	32.29	33.56	40.37	100.0	31.59	33.73	92.58
33.57	13.82	34.45	34.45	55.5	45.14	22.28	47.81	20.71	27.53	33.3	50.23	29.22	27.07	32.56	52.18	42.17	19.95	12.8	30.47	45.04	23.65	51.86	39.24
42.85	25.51	50.42	53.06	68.44	60.45	35.22	77.71	30.4	27.01	61.44	35.7	49.76	59.11	21.42	48.69	56.26	42.35	53.42	59.48	73.52	38.96	44.52	48.01
32.56	47.45	53.91	66.13	64.75	65.97	19.0	78.67	61.63	31.49	82.47	56.07	56.07	56.91	55.8	51.54	70.98	39.1	53.99	52.08	80.58	41.68	37.2	47.62
12.32	8.95	17.27	15.64	28.49	28.98	27.75	25.57	15.31	7.78	36.96	17.27	9.35	27.55	9.35	31.72	6.91	9.23	31.72	30.66	31.72	29.93	16.56	25.98
29.95	41.19	45.87	43.54	60.77	39.84	3.95	57.01	23.12	22.45	43.15	45.6	5.41	48.04	3.88	35.93	30.04	5.11	10.88	44.83	57.01	22.37	5.13	32.24
10.51	5.54	21.27	6.42	30.73	26.66	10.94	16.08	14.4	4.62	32.0	24.59	4.89	9.65	3.31	24.97	7.9	3.54	7.1	4.22	28.39	10.4	8.12	23.02
18.51	18.86	21.17	21.51	25.85	23.38	25.05	24.87	13.29	6.04	29.12	37.77	22.67	23.64	16.15	33.91	23.53	8.12	22.39	28.05	20.11	22.59	39.65	35.39
12.69	23.33	39.71	25.99	49.51	39.71	28.91	49.49	24.7	16.81	39.05	34.21	20.34	47.92	12.53	14.3	53.82	15.46	21.71	36.76	48.81	14.3	31.84	18.26
28.49	38.31	42.65	49.18	65.35	62.46	30.96	79.15	38.57	32.05	57.1	40.43	34.39	50.13	57.11	36.51	38.73	36.72	49.34	39.46	57.15	30.28	27.63	50.73
36.63	49.21	30.53	41.19	46.56	40.39	36.41	48.55	41.36	35.37	55.04	53.17	31.0	38.29	56.54	40.46	40.39	37.46	29.25	48.71	63.26	44.27	32.83	38.67
42.84	57.69	9.05	42.32	50.4	55.28	27.91	56.04	43.52	30.7	51.73	64.66	27.59	41.9	50.01	38.59	50.21	42.09	50.21	37.04	55.28	17.45	28.9	15.16
40.07	17.55	21.34	26.47	50.81	53.59	47.59	59.64	34.86	9.86	50.81	50.81	17.94	19.14	43.2	35.72	37.17	7.87	39.77	38.39	53.59	28.14	30.57	23.6
27.45	19.99	27.16	15.75	46.11	40.19	27.72	46.58	23.56	12.65	59.32	23.93	8.75	28.59	17.91	33.44	22.97	19.32	34.19	36.26	47.02	16.31	19.05	16.19
3.77	4.27	51.99	51.99	51.99	51.99	14.75	61.89	26.73	40.04	61.89	46.16	51.99	10.66	47.9	51.99	41.43	7.87	41.34	4.24	61.89	10.66	47.9	46.16
10.66	4.27	51.99	51.99	51.99	51.99	10.66	61.89	46.16	48.45	39.28	51.99	43.75	10.66	46.7	0.15	46.16	3.45	9.89	10.66	61.89	10.66	10.92	51.99
10.66	4.27	40.02	47.9	43.75	47.9	21.49	57.96	14.37	23.55	36.91	23.55	37.55	7.79	27.58	44.29	23.55	19.73	31.06	10.66	54.0	10.66	10.66	35.13
38.41	36.52	51.45	52.15	49.82	53.15	44.14	42.62	38.32	36.97	71.27	50.57	38.96	44.54	21.25	34.47	21.62	18.28	28.24	11.42	57.0	49.32	31.04	50.33
26.63	51.3	44.44	55.96	37.17	52.74	42.45	77.75	36.42	10.18	39.73	57.93	36.38	36.4	47.09	59.41	57.19	16.03	36.97	36.69	77.75	56.71	52.99	50.65
27.83	34.36	58.8	56.32	41.23	46.67	35.41	56.32	54.65	54.87	59.32	70.23	53.57	36.34	74.04	74.04	52.63	62.73	56.32	55.57	50.5	48.79	47.82	56.32
60.67	49.34	66.9	73.15	62.7	63.62	44.73	76.41	62.7	62.7	62.7	75.22	60.67	43.32	44.35	75.22	62.57	63.23	58.41	61.66	71.87	60.67	71.87	58.91
46.66	30.55	31.73	35.2	46.5	40.81	14.4	40.83	41.07	10.96	33.16	43.65	43.15	28.77	37.55	36.09	47.57	23.4	27.31	35.47	33.16	33.81	18.62	30.86
24.08	35.05	48.31	46.58	45.1	50.18	22.14	49.0	37.01	23.58	55.07	50.18	24.32	24.82	42.05	52.67	49.17	8.08	46.65	18.68	48.57	1.44	43.1	15.22
28.92	42.89	35.44	26.92	47.91	44.13	22.34	46.11	55.34	61.35	55.34	47.98	42.96	36.66	13.83	42.89	37.78	31.04	42.89	48.73	55.12	1.18	37.84	44.29
17.54	13.89	16.91	16.91	16.68	29.53	12.44	50.45	16.03	7.39	34.39	16.91	11.88	15.94	14.96	16.91	25.13	10.96	16.91	19.48	34.39	16.68	17.77	33.97
32.56	84.24	84.24	68.12	68.12	84.24	59.23	28.92	62.63	49.13	28.92	28.92	68.12	66.52	53.93	84.96	12.45	84.24	84.24	15.73	84.24	13.91	84.24	22.43
19.08	23.54	32.44	33.76	35.74	35.74	18.59	60.37	17.09	34.62	60.37	62.96	30.62	37.58	23.09	36.7	36.91	22.95	23.48	25.8	36.99	33.58	29.19	63.07
56.16	55.1	56.98	65.85	61.6	66.6	49.49	64.88	49.1	39.5	61.6	49.89	59.31	49.94	64.1	69.53	65.34	56.82	49.89	44.98	64.59	59.73	59.13	58.42
46.33	41.11	28.1	40.28	48.6	55.49	26.18	51.83	34.54	46.33	55.49	48.6	25.92	34.56	21.85	27.75	27.19	17.4	25.92	51.83	40.39	30.17	25.92	49.3
40.56	30.06	53.64	23.02	61.27	40.01	21.39	60.21	27.31	37.15	40.31	53.56	40.4	25.48	34.46	32.02	32.97	22.9	23.75	34.95	54.29	33.23	51.39	59.28
11.98	27.23	31.46	39.07	15.86	39.07	9.15	100.0	15.86	11.08	61.63	52.66	3.74	23.96	10.83	39.83	76.12	6.92	42.31	6.34	61.63	8.1	7.14	44.8
12.04	5.88	24.16	25.59	23.59	24.94	4.55	25.54	18.52	8.77	59.98	22.37	5.62	23.59	25.54	25.66	20.29	9.85	10.27	9.3	27.1	8.81	7.99	47.09
22.52	4.45	35.53	13.89	10.21	35.75	10.97	34.6	35.3	37.38	34.35	35.09	30.19	2.84	9.09	36.04	36.67	15.57	36.12	2.7	10.54	9.77	7.04	8.03
35.96	13.49	37.82	40.79	44.41	39.25	5.83	58.16	10.44	11.93	58.05	18.8	42.73	27.09	38.21	40.59	21.03	7.97	40.79	22.32	58.05	32.95	18.29	33.34
24.26	24.26	24.26	24.26	76.25	43.32	16.24	63.83	24.2	39.7	59.98	36.01	24.26	21.48	17.47	57.31	15.45	11.31	14.23	14.96	57.95	18.33	16.69	39.67
23.16	25.38	23.67	19.56	31.19	25.21	15.54	33.98	18.61	29.19	34.74	38.35	18.74	28.75	15.76	18.24	29.08	13.44	28.93	21.4	39.52	12.54	25.92	40.34
9.29	12.34	10.92	20.06	24.4	21.28	6.87	47.96	9.96	5.24	40.02	21.67	12.64	13.35	7.88	17.06	15.44	9.43	15.07	7.52	30.28	19.37	7.79	15.49
19.94	9.89	28.02	11.49	11.25	10.89	9.64	33.51	7.19	9.51	30.0	27.76	10.66	22.79	7.08	37.13	22.75	16.0	11.67	7.68	33.92	18.52	12.82	18.91
33.96	24.25	10.24	9.76	12.58	29.91	11.86	13.47	20.39	15.32	24.65	42.76	15.32	28.12	32.23	25.92	42.76	25.82	33.61	27.48	24.65	18.24	15.96	18.22
6.41	8.11	27.08	10.49	16.84	7.99	8.37	7.8	4.74	7.52	17.95	7.21	7.17	19.45	4.31	11.6	24.32	10.35	6.89	7.51	7.99	8.53	8.23	11.2
16.48	16.41	33.7	47.23	74.72	56.03	43.08	59.11	51.14	23.24	92.44	44.24	17.93	28.51	39.84	33.11	72.54	25.35	34.62	42.97	64.86	8.12	20.9	21.53
20.31	18.85	37.54	42.69	34.54	40.52	22.56	38.49	27.34	8.47	43.05	28.69	31.29	20.35	27.32	25.42	17.09	22.41	25.14	29.15	38.49	39.76	35.57	38.49
25.2	21.73	28.2	18.5	33.13	30.83	24.48	50.05	22.45	15.33	36.96	33.13	15.34	14.35	29.89	39.24	33.13	4.96	33.54	28.35	36.96	20.5	36.66	26.7
39.62	30.72	17.95	18.88	28.75	32.06	28.62	54.69	35.71	19.2	64.42	50.16	31.73	34.31	30.62	88.32	31.64	19.46	40.09	31.64	57.9	26.18	44.66	61.88
33.65	55.56	50.51	46.86	47.96	57.41	37.14	59.39	37.79	25.25	62.56	40.96	51.96	46.37	27.92	64.28	24.69	26.07	51.73	59.05	54.22	18.82	37.51	39.43
9.53	9.53	27.29	15.02	54.24	35.71	12.38	41.14	13.29	10.1	70.74	26.56	27.74	11.09	14.19	21.59	31.69	17.73	34.8	10.03	60.68	17.09	13.29	48.81
10.35	50.39	34.25	29.25	34.44	40.85	28.48	45.73	33.76	16.43	48.72	43.9	28.22	17.26	27.46	53.52	38.44	18.77	29.25	37.72	45.67	14.23	36.61	50.18
30.8	25.82	33.48	28.23	29.38	47.48	29.34	51.59	18.62	29.08	49.98	16.47	24.87	23.91	25.73	30.22	15.09	14.17	25.53	3.09	47.08	29.42	38.31	22.24
17.81	22.54	9.87	27.04	32.18	42.17	20.58	32.36	26.63	16.26	34.7	21.57	18.83	13.35	22.54	38.04	17.64	17.34	25.74	30.87	34.77	11.57	21.6	31.34
17.33	10.61	37.0	24.39	55.42	41.94	7.91	45.57	17.52	13.14	48.17	55.0	12.73	29.2	6.36	19.09	11.55	11.72	9.72	21.52	34.56	8.44	26.62	41.77
11.58	33.53	30.84	9.91	40.33	23.87	16.23	49.38	25.17	15.15	33.28	18.78	11.29	45.33	32.56	33.26	29.04	31.42	28.19	15.54	34.22	13.01	40.76	33.28
36.49	1.87	55.18	54.97	52.52	76.57	11.98	72.43	42.1	38.01	73.52	57.76	32.24	59.64	47.69	68.28	40.44	7.54	48.06	20.16	72.11	8.19	46.97	70.39
6.01	4.06	17.14	8.39	15.58	15.16	7.6	40.98	15.45	9.62	36.17	17.07	9.62	18.95	10.34	40.99	9.69	23.1	8.89	10.15	42.69	3.8	8.01	43.15
12.24	21.17	58.41	66.07	18.88	81.35	8.84	71.6	39.39	9.94	71.6	62.7	43.41	43.84	11.25	32.87	46.96	62.22	70.29	5.27	75.62	28.28	30.88	74.45
45.52	32.89	54.51	41.54	62.23	54.51	38.23	61.8	44.82	29.72	59.76	62.23	31.1	29.62	43.84	48.61	53.12	34.92	42.55	51.1	57.49	41.73	42.82	50.66
11.76	12.48	28.04	18.89	42.33	37.12	7.21	45.75	14.46	19.53	42.33	37.12	13.11	33.56	24.12	42.33	27.29	9.94	20.53	11.38	50.83	3.85	31.93	50.83
39.42	28.55	26.68	17.19	29.2	49.98	21.74	50.18	28.89	23.44	42.56	28.79	29.48	16.66	11.98	29.76	21.84	13.94	30.48	26.46	26.21	26.61	13.03	25.03
9.98	4.13	10.11	9.64	9.98	17.32	8.25	38.55	19.47	6.08	31.69	13.66	10.58	6.07	26.64	21.69	10.36	27.75	19.6	12.9	48.2	25.0	15.56	43.64
36.97	13.27	11.8	11.46	16.33	13.02	5.23	76.41	16.69	13.16	76.41	15.23	24.65	47.56	8.99	11.87	15.6	16.69	13.48	8.64	80.41	13.02	26.97	13.02
50.72	70.86	66.54	82.82	69.65	60.29	64.2	42.09	60.32	11.95	66.54	64.23	65.31	76.25	35.22	69.65	48.07	69.65	65.31	59.98	66.54	19.81	44.64	24.8
27.27	43.02	55.67	23.22	46.8	67.25	18.93	65.29	26.51	14.26	62.38	58.15	53.68	45.36	38.57	56.84	18.97	15.79	53.53	58.15	56.84	47.82	62.38	65.67
23.21	33.92	34.96	31.72	55.4	32.02	3.24	67.25	20.64	39.76	56.83	53.9	28.14	14.26	25.3	16.01	41.47	45.31	28.04	18.33	56.83	7.52	25.17	22.58
54.52	28.04	32.56	82.65	82.65	28.04	28.04	82.65	54.52	32.65	82.65	82.65	82.65	32.65	18.95	54.52	82.65	32.56	100.0	12.87	82.65	12.87	32.65	28.04
19.4	22.08	19.78	18.08	39.68	30.76	33.52	25.36	13.29	25.83	34.85	26.59	23.98	18.52	12.64	30.76	13.94	12.47	27.39	26.42	17.1	9.48	16.17	21.74
51.89	46.08	77.44	86.56	100.0	100.0	86.56	86.56	35.48	77.44	100.0	100.0	77.44	18.69	38.83	9.05	100.0	77.44	67.31	100.0	86.56	67.93	100.0	77.44
57.92	47.55	67.76	60.36	76.41	57.07	34.62	76.41	76.41	46.43	76.41	76.41	76.41	56.01	59.8	51.93	76.41	62.43	87.87	45.34	76.41	61.42	76.41	54.17
45.1	31.18	49.27	64.21	49.27	49.27	32.23	64.21	49.27	57.3	61.42	49.27	49.27	51.82	48.34	49.27	64.21	64.21	46.57	14.45	64.21	37.63	56.38	64.21
25.59	25.35	40.64	45.31	39.04	29.11	63.02	51.61	56.83	62.73	65.03	27.74	57.63	45.31	42.85	30.75	27.74	17.69	40.64	26.8	30.6	33.38	25.96	29.11
44.3	67.13	84.92	41.84	100.0	100.0	87.19	100.0	51.83	49.03	100.0	85.79	65.15	58.94	58.15	65.15	70.77	76.48	85.79	55.75	100.0	54.82	65.15	59.51
33.3	13.4	42.34	48.26	48.43	59.58	12.85	53.11	35.41	20.9	49.81	58.69	22.92	33.92	25.99	48.21	33.3	32.49	43.65	37.97	48.26	39.16	35.1	56.32
65.17	44.32	57.36	68.34	58.16	63.16	55.53	74.27	56.91	47.25	76.49	63.16	59.83	43.28	45.24	51.48	68.13	37.17	51.08	51.61	65.05	51.52	57.42	54.67
41.65	39.79	59.77	59.44	48.73	55.92	35.63	89.42	62.33	36.6	69.44	46.56	39.25	28.18	53.77	70.16	46.56	9.74	58.35	34.33	62.4	50.53	66.28	40.28
9.63	22.21	14.21	22.6	44.68	46.29	36.57	43.39	17.79	10.97	49.28	26.88	12.71	13.62	22.82	26.58	24.28	29.22	38.61	36.16	43.39	18.62	26.58	35.02
17.65	21.03	44.34	34.44	47.39	58.91	34.62	63.76	47.74	30.08	50.57	46.35	29.14	20.33	21.14	57.76	44.29	28.89	48.28	17.5	58.91	23.22	18.14	55.92
19.29	13.94	20.34	32.78	40.51	47.83	11.12	35.17	17.06	17.9	40.51	32.78	12.87	10.9	18.26	10.31	24.65	27.02	32.23	15.43	35.17	10.91	23.55	47.92
52.56	54.68	76.43	82.56	82.56	81.03	76.69	81.11	61.15	64.13	82.61	80.0	81.11	62.11	66.26	75.97	84.36	82.23	93.17	54.72	88.29	55.15	86.94	84.36
42.27	34.96	54.21	41.71	49.43	42.79	43.49	56.46	26.59	36.36	56.38	48.31	35.61	48.74	35.57	40.16	41.34	25.9	41.93	47.56	84.1	45.01	33.62	53.3
24.44	38.09	38.53	40.84	46.01	50.11	33.42	59.72	26.88	20.11	66.93	42.78	28.29	44.95	27.18	54.36	20.73	33.46	32.87	28.57	70.18	37.95	31.61	38.04
30.33	50.95	48.46	39.24	22.17	44.44	10.98	46.13	28.27	30.27	44.68	47.94	46.01	26.64	25.41	46.55	61.49	42.98	30.25	39.88	46.55	22.16	30.43	46.55
8.1	2.56	35.46	35.46	38.61	33.13	12.06	26.24	35.46	27.51	29.31	23.56	30.42	20.54	38.83	33.13	31.72	32.6	27.0	24.34	27.0	21.28	17.07	28.35
52.19	34.4	59.01	53.5	71.08	71.08	29.91	79.87	63.38	30.19	86.61	66.04	44.63	45.34	32.79	51.19	63.38	39.32	58.49	58.57	73.2	15.93	47.6	51.19
41.03	32.96	58.04	58.09	55.63	49.25	28.24	59.75	44.47	33.26	74.85	58.84	48.01	52.64	32.39	58.09	49.92	21.62	66.98	43.45	66.98	30.58	42.87	51.72
32.47	27.86	26.66	15.78	32.48	29.62	17.92	44.06	31.96	16.36	41.17	42.8	33.71	25.34	26.15	16.67	47.98	26.19	41.35	27.99	41.42	11.45	13.83	48.82
12.93	11.14	20.79	22.33	19.25	29.45	24.15	10.2	20.01	25.49	13.45	19.81	25.88	12.54	15.73	18.49	28.62	25.13	19.13	10.76	24.45	13.77	36.32	18.05
11.86	4.04	5.0	6.67	5.91	9.25	9.99	5.93	9.98	14.13	6.08	13.06	22.37	13.07	19.42	6.07	6.08	9.01	5.14	4.85	6.07	5.55	23.58	6.67
4.81	5.98	25.68	16.83	18.97	13.8	11.0	12.63	11.55	5.06	18.97	19.42	13.8	11.55	5.26	27.97	5.46	4.45	11.55	16.13	30.11	9.81	30.11	18.16
63.82	24.1	52.69	67.99	50.23	56.46	53.02	73.89	28.36	13.96	81.19	71.12	35.14	43.74	30.9	33.44	29.98	11.57	41.69	19.49	52.7	59.34	50.73	47.85
53.16	37.02	60.72	44.51	43.41	60.72	13.4	73.89	27.27	35.34	81.19	70.47	59.86	34.78	46.21	36.7	33.37	33.95	34.56	13.79	70.47	56.61	56.79	48.65
36.83	38.47	36.72	17.78	35.12	59.94	8.04	59.94	22.69	9.62	44.25	39.29	37.83	47.6	26.61	34.07	28.55	24.34	16.59	29.78	52.14	37.98	52.14	17.03
15.4	26.85	18.59	10.84	31.39	44.54	13.43	36.39	30.42	22.69	26.81	32.2	27.87	16.77	8.18	32.14	15.38	16.88	32.31	13.19	16.77	22.72	13.41	33.63
46.22	50.98	50.98	30.6	40.16	53.87	46.22	38.28	17.1	13.57	56.79	53.87	34.78	53.71	54.68	51.87	44.13	29.11	54.85	63.51	60.29	30.6	54.68	56.79
33.32	54.53	63.16	59.11	72.21	71.53	38.28	79.38	59.34	49.42	56.96	63.51	52.09	53.4	47.11	47.34	45.99	34.53	41.69	33.71	51.61	28.51	67.53	35.83
5.09	8.23	7.75	6.87	52.15	16.66	20.48	33.84	27.59	3.38	61.68	32.85	21.48	35.51	12.47	30.61	14.04	8.1	27.24	11.64	61.68	32.62	9.86	33.33
11.05	18.58	23.39	15.47	26.42	15.36	36.0	16.19	17.72	10.72	35.28	27.07	17.55	30.71	20.67	39.2	9.44	16.26	10.23	41.88	35.28	22.24	19.65	45.31
29.09	30.91	18.71	18.62	17.36	32.3	15.99	35.55	17.09	7.79	42.02	27.15	22.8	28.28	16.78	18.71	19.41	23.04	20.07	26.41	34.82	13.97	20.55	46.95
13.53	20.27	20.32	35.34	60.62	35.3	20.77	31.0	23.47	29.84	55.6	33.7	27.43	29.95	10.43	22.68	11.32	22.89	28.54	38.95	45.6	7.89	24.28	23.91
25.63	38.97	44.05	37.83	45.76	59.55	36.36	57.81	32.39	31.8	37.94	45.26	49.66	54.18	53.62	51.23	46.73	45.3	41.72	46.7	61.01	38.83	52.48	35.38
19.91	16.68	65.12	13.28	13.31	18.58	18.85	30.85	39.42	35.98	81.37	23.06	14.33	64.03	43.95	42.9	18.2	18.53	60.29	48.09	59.51	10.83	15.48	61.79
8.52	34.58	8.52	7.77	4.62	48.42	7.77	4.62	4.02	25.34	7.77	7.77	4.37	26.76	5.4	8.52	7.77	4.62	7.77	4.37	7.77	27.69	44.8	4.02
18.81	23.99	56.85	40.64	50.73	56.85	19.6	79.13	10.7	10.34	50.73	38.79	24.02	5.11	13.17	31.87	20.97	19.6	43.59	38.79	62.9	4.81	23.99	15.25
41.07	41.9	27.74	21.29	40.64	38.66	25.68	41.35	19.38	29.45	39.33	37.95	25.38	40.86	20.02	26.15	23.71	22.27	27.98	24.83	40.64	31.04	24.87	41.35
34.97	64.71	78.39	72.89	51.23	67.29	29.27	100.0	41.49	57.92	100.0	78.39	64.42	70.72	65.56	78.39	57.92	27.64	78.39	90.21	100.0	41.47	55.38	78.39
48.41	47.68	42.91	44.58	52.13	41.42	27.97	39.75	38.41	15.33	42.91	52.63	41.27	60.48	24.19	30.17	33.89	25.37	37.32	44.02	45.53	16.47	32.7	36.01
15.38	19.33	16.29	26.95	22.28	19.42	10.84	18.94	19.42	21.58	18.94	15.03	17.62	11.21	16.04	23.15	24.85	24.11	16.37	25.17	32.97	22.28	22.55	15.88
20.45	28.92	63.4	31.17	34.17	46.6	39.83	73.49	57.84	28.92	73.49	31.17	39.83	90.36	42.85	63.4	15.73	28.92	57.84	44.53	100.0	31.17	31.17	100.0
19.23	21.16	49.39	35.14	64.56	48.82	13.57	72.42	53.87	31.75	72.42	37.63	29.8	20.71	14.68	54.69	25.85	33.9	40.19	25.24	62.68	18.77	33.57	37.63
61.69	61.43	54.6	63.86	42.96	52.03	59.79	78.99	63.86	69.56	78.99	53.66	64.17	31.31	41.57	44.18	56.8	43.84	54.07	16.07	68.5	40.21	69.54	56.57
8.6	8.6	15.21	16.24	42.27	53.14	6.82	55.01	24.25	5.23	61.98	30.02	8.23	8.4	15.03	39.11	11.23	9.24	17.8	6.14	55.73	6.07	19.99	40.27
26.8	27.57	53.32	15.07	53.32	53.32	28.53	53.32	48.08	10.31	53.32	53.32	41.86	16.68	32.28	53.32	41.86	57.07	48.11	37.22	53.32	42.64	53.32	28.65
21.89	40.28	39.82	5.04	60.29	42.6	16.26	65.35	29.82	8.82	65.35	48.28	21.31	2.66	15.86	29.47	22.03	30.85	14.96	56.97	53.91	5.25	26.9	37.68
27.9	5.52	22.74	42.46	49.33	46.23	7.62	64.14	10.71	8.79	64.14	40.28	41.02	15.69	7.8	42.51	28.09	20.65	22.4	31.87	64.14	15.05	9.38	41.02
8.07	21.88	29.01	59.79	68.98	68.98	29.15	68.98	62.52	48.0	58.16	55.69	58.62	24.76	29.59	62.16	53.17	37.01	53.17	35.52	50.4	58.57	57.31	42.69
38.54	40.65	40.65	41.87	66.75	45.83	29.48	56.77	28.79	9.15	66.75	57.91	28.04	20.15	36.39	35.22	29.49	19.67	28.04	66.75	39.38	28.79	40.65	40.65
35.83	33.26	24.42	24.58	25.01	25.85	15.29	23.05	13.07	15.27	31.23	29.07	27.5	32.6	10.75	15.47	29.77	12.06	37.32	24.9	25.01	25.41	21.94	26.03
48.77	55.35	52.47	55.4	72.68	67.31	33.09	88.66	56.47	30.89	88.66	58.6	43.89	30.98	25.78	40.69	25.47	26.01	43.76	58.63	81.23	48.44	36.6	31.65
25.82	17.67	27.25	24.23	33.0	31.55	9.22	31.47	18.46	16.29	55.96	32.21	17.24	42.6	32.1	34.7	25.87	24.66	27.92	20.59	30.63	12.8	28.62	29.25
14.09	29.8	31.57	13.0	19.26	50.04	13.01	68.27	33.57	20.05	37.91	39.15	28.81	29.11	22.42	38.63	31.82	11.85	39.84	16.57	34.51	13.35	28.06	39.67
38.66	42.27	41.72	19.33	41.72	41.72	12.01	31.46	38.16	21.4	41.72	41.72	44.83	11.42	42.27	41.72	41.72	15.85	41.72	37.2	41.72	29.38	42.27	40.53
20.19	27.27	77.84	65.31	45.78	66.95	23.55	89.71	49.34	29.04	78.84	36.76	12.1	45.17	69.61	54.03	45.78	42.9	40.59	47.18	54.03	44.36	55.86	71.02
5.68	19.13	18.27	39.77	54.22	43.29	22.94	40.65	7.61	29.58	46.63	41.11	28.96	28.16	6.98	42.46	30.3	20.59	8.23	12.29	32.86	17.51	45.31	24.95
58.54	61.78	38.58	6.55	65.88	65.88	48.67	60.6	67.36	16.54	67.27	61.97	63.28	22.64	14.91	60.6	60.6	26.36	40.66	17.59	60.1	27.23	65.88	53.38
56.59	18.21	62.63	62.63	62.63	62.63	33.89	78.0	62.63	57.96	77.44	62.63	78.0	19.56	62.63	62.63	57.96	46.05	57.96	56.59	62.63	26.76	57.96	62.63
24.74	44.83	91.31	100.0	91.31	91.31	54.91	91.31	100.0	72.93	100.0	91.31	91.31	53.11	100.0	91.31	100.0	64.07	91.31	100.0	91.31	63.4	100.0	91.31
29.28	28.22	24.28	17.25	25.67	37.85	3.54	46.43	20.51	18.52	27.34	25.46	28.21	23.29	6.49	24.07	16.11	37.66	47.83	56.16	47.82	21.56	29.43	45.15
6.34	24.19	46.43	12.86	42.26	54.48	42.66	24.77	33.46	53.31	39.62	46.43	13.87	9.59	33.46	17.89	54.48	1.51	21.8	6.46	36.31	0.0	39.62	36.31
24.58	6.89	17.34	6.54	25.41	26.31	7.93	23.39	4.62	25.41	24.58	23.06	17.66	25.86	5.92	7.38	23.8	6.68	7.13	26.31	23.06	29.73	26.31	7.38
22.09	11.24	42.71	37.48	45.07	35.86	24.59	44.88	36.26	24.76	38.27	31.15	28.27	19.76	12.38	33.23	30.99	34.78	33.98	9.5	38.27	28.76	28.68	23.82
40.99	61.54	78.34	76.51	53.76	69.93	45.53	69.93	45.93	31.71	43.89	79.1	60.87	37.26	64.7	79.1	53.59	54.06	54.16	39.31	54.27	56.17	47.18	40.8
49.41	50.8	60.33	52.92	59.74	56.57	59.05	78.43	73.14	58.24	86.77	64.32	70.77	52.28	50.19	47.58	61.17	39.81	55.16	57.23	76.44	60.33	46.93	93.68
46.43	46.1	69.69	38.33	57.72	54.48	53.97	75.84	63.71	61.21	81.35	54.41	54.48	49.96	63.42	47.94	65.29	51.48	55.85	49.52	82.88	36.82	54.94	88.32
8.13	10.05	12.61	11.5	11.5	12.61	11.5	12.61	11.5	11.5	54.37	12.61	51.57	12.61	17.03	12.61	52.96	11.5	11.5	11.5	12.61	11.5	54.37	59.15
49.43	59.12	20.95	47.56	48.08	38.64	19.34	27.31	15.86	20.33	34.89	29.23	28.34	47.21	30.37	58.84	8.9	23.98	19.74	52.92	39.32	30.11	24.87	45.86
24.72	33.43	50.09	44.18	49.42	67.4	27.67	81.96	45.78	29.16	62.96	63.09	24.71	47.9	22.1	33.45	41.05	44.18	28.76	33.43	60.61	29.16	32.13	41.69
17.42	13.81	49.14	30.07	32.08	62.69	31.05	68.14	31.26	35.56	66.11	58.96	44.69	41.99	41.46	52.07	51.59	26.5	27.92	21.37	63.25	46.73	14.93	53.53
20.34	41.62	37.39	50.97	60.39	61.61	16.46	40.18	60.62	36.07	66.0	47.74	49.93	34.32	31.42	54.02	27.88	32.81	49.93	36.66	49.82	12.94	40.42	43.65
22.05	52.58	19.15	33.05	59.81	52.62	32.64	64.22	33.78	32.74	59.7	52.74	33.57	26.42	30.08	42.77	40.51	33.05	48.63	40.84	69.18	36.42	32.02	44.97
11.63	18.48	42.5	69.98	19.67	37.6	4.11	37.6	19.1	13.07	37.6	47.59	42.5	39.83	14.88	19.67	49.74	14.46	42.5	31.17	76.12	4.25	19.1	67.03
18.36	25.3	42.11	19.14	39.09	41.39	34.91	43.67	37.22	48.57	31.24	40.71	33.94	42.69	28.65	34.17	32.27	29.35	38.74	23.38	39.01	32.36	23.01	38.69
8.28	8.28	10.67	24.35	16.17	18.56	9.87	16.15	8.69	12.59	16.17	16.13	9.87	2.32	14.05	22.57	13.8	25.08	10.69	35.5	15.09	8.69	23.78	5.64
31.07	21.74	15.64	14.3	40.8	47.34	19.87	47.54	23.2	27.09	64.57	64.57	26.61	45.31	15.35	13.54	37.37	25.98	53.94	23.77	76.23	14.3	30.25	33.29
8.64	10.67	30.7	11.6	36.65	36.65	12.22	28.69	12.58	24.04	35.99	28.69	17.1	26.2	9.87	28.53	19.41	25.35	18.81	14.09	40.86	9.33	14.4	36.65
6.14	2.89	10.33	6.98	16.97	19.16	9.8	22.54	5.03	9.39	16.22	4.89	7.82	9.64	4.9	13.61	7.67	4.89	5.01	10.36	22.54	13.3	5.03	13.34
46.11	47.85	46.11	41.08	49.78	54.73	37.91	58.23	28.44	28.44	64.24	51.24	46.11	35.08	33.58	25.87	48.41	21.75	55.24	32.67	50.45	19.24	44.2	44.77
15.42	7.35	27.04	19.21	24.88	31.04	38.24	30.05	34.4	17.2	19.94	22.78	21.23	27.93	24.94	28.14	22.1	13.6	18.7	20.07	34.38	30.19	31.23	26.46
19.55	19.55	17.49	18.26	19.38	17.21	29.91	20.0	27.85	19.29	29.04	25.75	17.49	12.66	20.12	25.75	25.75	17.22	27.85	19.29	28.2	28.2	26.61	27.85
28.35	58.79	32.14	32.14	12.92	17.64	19.78	47.05	28.35	27.11	45.14	32.14	9.98	32.14	28.96	32.14	27.47	25.0	13.25	26.24	23.76	34.85	42.57	45.85
7.43	7.73	10.86	12.38	15.59	15.23	13.66	13.66	18.06	14.4	15.59	15.59	23.07	4.8	7.08	13.99	7.76	13.8	15.82	15.01	15.59	8.04	15.59	11.64
51.91	50.58	53.59	73.03	81.16	72.87	69.33	64.56	71.54	55.32	76.69	76.96	73.69	57.81	51.31	57.14	59.63	50.53	62.41	76.64	76.07	55.65	59.63	81.01
36.66	4.82	30.83	30.83	16.68	39.63	10.81	47.56	21.18	12.93	27.65	23.19	41.52	11.31	6.33	30.51	41.52	33.0	19.46	12.23	65.88	10.58	15.66	54.61
41.68	15.89	59.27	38.3	62.31	49.17	32.1	44.79	38.79	23.14	62.31	59.27	41.26	47.48	19.22	51.03	21.76	9.09	41.69	41.22	59.27	20.26	24.23	45.01
49.25	14.55	45.07	15.42	11.71	40.07	47.09	60.29	40.07	36.9	62.69	37.92	40.07	8.25	15.59	70.86	32.2	37.92	49.25	32.2	40.03	64.2	57.82	40.07
26.58	26.36	41.46	30.87	56.17	35.05	8.28	36.54	18.58	22.24	46.87	42.83	22.74	48.53	29.91	32.39	34.12	31.28	39.95	25.38	43.57	32.12	28.32	36.21
21.28	26.09	30.13	12.21	43.68	52.9	13.03	31.45	38.87	17.96	47.81	37.03	36.78	26.05	20.97	36.77	26.44	12.58	30.77	15.38	36.18	27.58	53.6	35.42
7.13	20.94	32.64	11.79	50.89	34.82	15.84	44.9	26.46	6.43	32.64	29.24	32.7	17.18	6.22	15.47	6.34	13.23	15.73	8.25	16.32	14.25	30.13	44.48
29.21	51.19	59.2	34.0	64.51	62.07	33.32	42.04	33.5	24.1	59.1	39.19	19.77	29.21	31.82	46.31	36.74	19.16	23.97	35.8	54.76	24.86	37.83	68.16
23.52	24.06	43.15	48.12	38.08	48.9	30.91	73.19	19.97	27.92	64.81	48.12	33.04	40.83	26.37	40.42	14.4	22.09	32.56	54.47	78.39	32.15	46.46	18.85
50.13	54.48	43.94	54.48	54.48	63.84	38.46	68.88	46.43	58.92	59.62	68.88	18.46	49.3	29.04	64.42	45.15	17.34	59.62	42.26	59.62	24.35	58.92	59.62
41.26	33.53	26.79	36.73	37.54	44.64	24.6	33.04	26.89	9.36	32.22	32.11	23.93	25.83	28.54	29.61	29.82	9.0	30.19	23.17	31.26	9.5	37.86	31.26
35.41	12.04	78.25	37.67	72.72	78.25	38.05	78.25	8.51	17.31	78.25	85.55	46.83	32.38	34.11	72.72	45.93	27.6	67.39	4.25	62.98	15.84	72.42	42.61
53.76	51.58	39.91	44.12	42.99	40.52	27.23	36.96	52.25	45.87	59.62	39.9	43.83	23.91	42.72	43.83	52.55	32.69	50.33	47.47	50.94	41.73	50.53	40.67
42.67	42.98	48.28	47.61	51.45	49.61	38.08	44.33	71.22	35.84	49.61	50.86	40.89	57.32	50.23	60.05	48.91	39.2	63.06	56.39	47.98	34.27	39.34	56.39
35.84	27.21	44.21	47.24	55.43	48.53	23.15	56.95	39.61	38.42	56.27	48.54	26.54	27.76	25.85	51.18	30.13	21.85	45.91	46.13	51.4	18.66	45.7	54.22
24.46	14.19	35.52	23.02	31.25	43.63	15.65	44.84	19.58	14.04	49.9	31.57	16.7	3.64	19.61	33.77	11.61	18.15	27.98	19.08	52.32	12.36	20.87	44.13
11.03	7.25	38.62	44.73	57.16	38.55	4.59	34.97	47.24	34.05	58.8	80.41	38.08	9.8	21.53	37.28	64.04	8.78	54.3	20.19	50.47	9.76	37.28	40.19
31.12	24.18	32.13	33.95	34.83	34.83	7.51	29.54	27.13	22.5	43.97	34.83	29.92	4.72	30.67	32.4	22.18	10.6	33.64	21.28	34.83	18.69	33.95	40.94
10.95	7.2	7.33	11.79	41.98	13.19	6.18	15.17	26.96	10.18	15.17	12.07	6.34	6.57	7.74	13.19	13.19	12.6	21.88	12.76	13.19	6.63	10.96	7.33
19.34	20.47	46.52	34.67	65.85	61.03	19.99	75.22	33.65	22.11	75.22	56.99	70.45	10.41	38.21	46.64	47.72	9.61	39.65	33.53	75.22	21.8	70.45	75.22
20.35	27.46	28.67	29.27	22.7	28.22	29.29	31.62	18.34	35.8	24.82	27.79	22.03	28.11	27.4	28.57	26.64	16.35	10.76	36.19	25.05	32.74	31.62	17.46
72.03	63.22	78.9	75.47	75.47	63.93	53.12	82.32	65.82	60.94	67.25	78.9	75.47	66.1	58.75	68.69	75.47	72.03	82.32	35.45	66.1	57.42	75.47	62.37
33.53	26.94	56.24	53.13	64.21	60.62	12.67	64.21	39.93	28.77	75.62	71.47	38.1	19.3	45.25	68.66	42.03	40.65	15.66	23.09	90.16	39.05	33.7	86.48
25.21	18.03	24.18	16.36	0.0	20.36	28.53	39.39	25.21	26.28	39.47	25.21	26.29	32.81	22.42	28.58	39.11	17.8	26.28	26.28	47.83	15.0	26.28	23.27
43.19	31.45	22.48	46.84	54.39	37.88	39.64	19.05	64.0	18.65	52.63	41.58	36.89	32.21	27.67	82.53	35.35	48.55	33.0	31.28	52.05	28.49	33.69	54.62
14.83	21.04	36.69	43.68	42.02	38.7	27.17	80.3	10.38	18.36	80.68	31.05	18.63	24.29	18.13	17.28	21.57	57.44	34.98	34.85	75.5	16.31	19.15	54.58
7.44	15.02	17.66	18.02	22.15	17.4	2.78	14.11	16.12	7.81	22.72	13.09	17.25	9.87	15.59	21.62	20.49	3.85	15.42	23.76	24.18	23.26	19.32	22.44
27.13	31.88	18.33	22.48	29.06	22.66	25.34	29.41	32.61	25.04	21.29	21.04	19.49	7.43	27.9	0.0	19.39	18.33	29.06	18.36	21.29	15.09	27.46	35.23
11.49	10.52	22.25	8.9	16.64	15.73	4.09	76.25	12.46	13.52	16.64	56.61	11.82	8.5	8.99	19.84	9.75	5.68	10.93	6.59	42.19	8.08	8.61	16.64
14.26	5.81	8.12	8.81	8.84	17.18	3.12	8.84	25.96	8.81	20.31	18.73	17.12	4.57	13.62	2.87	9.38	30.67	8.13	2.85	20.31	21.66	15.36	9.38
39.75	37.42	23.29	10.66	42.09	17.62	20.01	54.75	38.25	22.61	47.09	24.62	44.75	37.9	20.47	11.79	33.12	6.81	32.62	12.73	37.52	31.87	10.31	23.29
30.27	23.15	42.53	29.87	26.73	24.07	15.94	35.95	33.82	7.21	39.11	20.65	19.87	19.33	8.95	13.93	34.11	24.76	19.4	15.6	50.29	49.03	12.93	33.53
23.58	8.47	8.55	37.71	80.03	23.69	10.15	80.03	5.65	6.26	80.03	39.38	11.64	13.83	16.2	80.03	47.92	8.51	17.92	13.83	80.03	5.75	27.56	80.03
14.38	28.5	37.59	14.05	53.94	35.26	19.12	60.61	12.88	13.6	48.21	40.91	15.31	17.31	19.6	25.37	31.39	29.27	27.25	38.57	37.74	26.57	18.1	52.08
19.23	13.21	13.22	33.57	73.36	49.25	22.93	25.92	31.28	7.87	49.33	11.77	11.33	19.23	25.48	23.15	28.58	7.68	10.58	28.08	20.34	21.23	36.24	30.34
15.94	14.03	28.88	32.16	39.57	28.75	24.67	35.21	26.47	13.59	42.17	36.2	29.02	25.36	21.6	27.23	16.45	17.99	25.28	18.73	35.21	8.07	25.97	38.19
16.05	5.68	17.77	17.77	22.88	18.24	17.77	18.24	28.57	11.35	18.24	19.29	7.01	11.35	6.34	20.79	19.75	16.05	7.01	16.05	17.77	15.99	11.69	19.29
9.64	23.28	12.62	14.96	19.87	30.23	7.24	20.6	22.86	14.03	36.06	16.61	11.4	9.59	15.23	22.86	22.17	16.89	35.86	13.3	36.06	8.05	38.22	36.06
22.59	20.38	68.39	64.11	78.02	79.75	45.77	77.34	28.89	26.95	77.34	60.99	30.31	27.68	33.3	50.07	27.9	20.1	29.27	21.14	69.49	26.16	40.52	92.35
18.49	29.63	35.44	40.61	40.15	32.57	28.87	35.35	24.61	31.55	38.99	37.43	46.69	23.23	9.94	38.13	27.0	38.13	19.3	36.44	40.22	38.42	29.88	29.13
26.76	26.12	14.05	13.1	49.4	42.64	15.07	50.65	13.85	12.18	49.4	31.82	29.34	16.44	23.3	34.13	33.44	30.24	32.94	39.77	49.4	14.27	27.59	50.65
51.29	50.35	66.76	38.98	44.82	66.76	23.7	44.82	8.51	24.8	44.82	51.74	19.35	55.33	37.52	87.62	87.62	44.82	37.52	64.2	44.82	47.02	37.71	44.82
19.03	30.87	34.51	30.76	36.74	39.39	13.92	30.43	12.26	14.74	46.06	28.83	8.68	25.22	7.45	22.38	23.46	13.29	28.45	49.37	56.35	24.08	24.39	21.19
30.33	25.79	17.9	19.36	53.27	49.58	37.56	49.58	42.16	34.54	60.98	43.66	37.43	19.22	30.56	32.16	36.75	21.84	47.33	54.12	53.28	26.24	46.73	60.98
24.61	37.38	31.48	39.98	43.73	38.79	16.98	41.11	35.48	29.68	42.38	43.73	43.24	49.06	16.36	40.49	38.07	32.1	39.73	25.54	43.73	35.34	33.46	24.61
26.94	36.26	50.63	31.15	42.38	32.45	21.31	46.33	13.08	6.63	25.57	48.2	40.84	34.78	18.21	26.33	10.36	4.76	23.79	16.92	61.69	28.14	53.02	32.45
2.86	6.82	4.62	4.44	18.41	15.03	9.96	21.16	27.7	7.98	28.27	14.85	6.92	21.08	11.66	27.47	23.02	30.44	20.24	10.76	21.49	11.75	23.11	21.75
40.54	40.54	48.18	24.21	48.18	43.85	25.95	56.33	40.54	28.19	48.18	47.14	40.54	29.99	33.38	48.18	40.54	46.89	40.54	36.82	81.54	24.34	40.54	59.98
9.85	23.83	24.52	6.46	34.74	11.99	6.46	14.3	11.12	9.63	11.43	9.09	12.92	5.14	9.64	11.73	11.41	8.67	10.86	25.89	14.3	5.86	11.12	12.58
12.63	8.91	25.95	26.41	26.41	26.6	9.98	25.95	12.43	17.15	26.02	32.95	19.21	22.71	26.6	17.84	30.99	6.87	33.06	26.1	26.35	17.45	27.54	32.95
30.9	32.02	11.43	22.59	31.12	31.12	12.68	56.24	9.54	8.77	36.03	49.19	16.07	12.68	25.23	36.03	11.43	8.97	8.99	15.06	36.03	19.36	9.76	10.19
49.49	10.84	78.9	51.23	67.57	53.71	31.92	67.57	51.11	16.47	53.71	53.83	36.95	24.41	7.13	38.69	20.83	13.81	28.45	39.42	49.44	52.9	30.34	53.71
11.02	13.37	32.16	9.51	38.27	25.04	4.0	43.94	17.44	9.11	49.86	31.38	20.71	28.15	9.16	14.02	33.17	10.9	20.24	11.58	40.52	8.74	22.38	20.75
26.16	37.79	44.23	41.42	30.63	32.08	10.49	16.55	17.06	8.07	34.83	13.96	33.13	13.29	39.07	37.79	27.92	24.95	42.78	14.3	32.08	16.65	40.96	49.88
54.49	34.37	45.68	33.99	62.59	55.92	60.63	71.65	21.67	22.19	62.59	71.65	50.8	15.63	40.83	64.64	52.31	58.23	53.74	38.52	73.54	28.21	62.45	61.22
12.14	15.64	26.14	23.48	26.21	34.23	8.85	33.97	13.64	17.97	35.94	22.66	8.94	28.09	6.37	33.56	15.08	6.67	28.76	11.12	69.61	20.98	8.48	35.94
61.4	72.0	72.0	62.68	57.29	85.71	61.21	72.0	77.22	62.68	72.0	85.71	77.22	72.0	48.2	72.0	52.69	47.72	85.71	64.71	72.0	57.29	39.02	64.56
5.33	14.03	11.64	6.76	24.72	8.22	5.24	11.15	10.98	6.34	10.08	10.98	9.88	9.88	7.83	17.59	9.31	2.77	7.95	14.88	12.0	13.79	25.35	21.95
7.97	6.84	9.85	6.96	17.86	18.73	5.24	31.45	10.86	9.85	11.83	15.75	13.87	13.68	1.57	17.19	9.85	7.72	10.09	6.61	34.53	6.8	9.85	11.73
16.85	38.95	45.24	30.95	33.19	45.4	27.2	42.02	36.17	32.06	39.42	32.04	35.35	35.12	24.04	34.73	38.94	20.66	33.13	30.99	50.83	30.95	28.06	48.46
55.81	40.25	54.64	47.12	54.08	68.43	62.42	42.36	56.56	27.04	66.7	68.43	24.35	69.06	25.25	39.54	44.03	48.1	58.12	43.39	56.97	49.3	62.36	75.35
6.34	10.15	6.31	6.14	22.2	19.2	1.38	22.31	9.73	8.81	26.88	21.49	24.64	10.44	9.22	8.57	11.1	12.28	20.99	10.68	24.81	2.98	13.9	22.19
35.56	9.84	67.03	42.4	100.0	73.49	14.38	73.49	43.67	13.91	100.0	26.21	17.83	13.67	28.63	63.4	73.49	60.0	53.11	15.13	100.0	16.06	12.09	48.83
19.9	32.65	66.86	34.94	34.94	52.73	51.41	55.35	45.98	30.79	72.17	41.03	26.92	31.5	21.82	64.37	44.26	44.91	30.96	45.39	59.8	48.56	29.4	58.85
2.7	2.58	7.12	7.31	5.81	11.49	3.42	7.31	4.14	2.84	16.24	7.68	2.46	7.34	5.81	4.3	2.58	2.35	2.35	2.46	16.24	4.55	7.31	6.48
4.89	3.8	5.31	15.48	17.84	17.46	7.78	4.65	28.29	7.91	41.79	20.34	4.03	5.0	4.94	5.85	8.43	2.15	7.66	4.94	29.35	4.03	6.98	6.99
15.44	35.62	33.92	41.66	81.67	49.44	20.52	70.91	38.9	9.89	64.46	21.81	32.47	21.26	10.04	41.71	18.89	8.71	30.68	33.18	81.67	18.06	25.75	81.67
20.48	38.75	34.53	19.05	39.81	34.53	29.11	48.99	49.12	12.99	48.95	34.53	22.82	12.38	29.49	39.91	37.95	9.36	34.53	28.76	48.95	16.33	39.08	59.04
12.13	13.82	42.62	27.62	27.93	51.71	19.14	32.44	23.04	22.01	58.17	41.82	30.16	24.78	24.72	24.87	17.67	21.66	23.68	22.85	32.44	17.15	26.03	36.7
35.09	36.91	37.6	40.21	39.79	39.79	13.22	35.63	37.82	42.27	33.85	39.79	40.04	33.61	7.16	39.25	42.45	21.63	39.2	37.31	42.45	28.12	39.79	27.9
12.52	22.24	12.39	12.39	22.24	43.38	7.06	46.64	46.63	24.19	34.01	43.94	22.17	16.76	21.42	46.63	22.17	24.61	26.96	11.57	47.21	20.37	23.03	40.24
35.26	46.66	36.43	59.64	58.69	50.06	10.58	70.41	26.29	15.1	55.1	49.74	47.61	42.91	29.92	49.08	70.69	26.06	53.84	62.06	65.34	22.53	31.12	59.18
27.02	18.7	57.79	76.16	74.53	34.77	10.15	64.29	36.44	30.78	76.16	63.15	64.53	50.43	31.75	49.65	85.21	43.46	73.05	73.66	67.91	25.32	38.95	91.28
26.21	25.17	46.4	18.91	53.92	41.51	26.57	45.06	14.3	16.37	25.07	55.16	26.86	38.16	33.54	45.68	18.91	18.89	46.83	39.64	50.44	37.67	34.88	60.08
22.51	8.11	19.3	27.92	37.93	26.59	10.82	38.67	13.1	15.8	18.04	10.16	12.27	13.91	7.32	9.6	18.55	4.72	11.9	11.64	31.47	10.65	8.49	26.53
4.79	2.8	27.75	56.64	29.27	10.42	4.5	74.17	4.79	11.65	35.21	9.41	35.38	4.53	4.39	2.56	29.27	9.41	4.79	2.56	11.68	2.84	4.98	12.32
6.96	7.34	19.84	34.03	28.06	43.9	12.41	54.48	45.11	16.69	72.42	49.25	30.08	16.2	18.16	38.09	26.75	27.53	19.62	10.66	58.49	35.56	22.72	62.04
18.84	49.43	48.55	63.1	60.47	61.71	43.84	68.24	59.73	24.96	76.85	61.35	49.61	28.55	17.68	55.24	54.73	17.78	50.0	35.26	45.99	30.66	71.25	59.45
23.75	33.16	22.39	28.89	28.57	26.01	16.85	48.82	13.72	10.54	53.74	33.66	22.21	21.16	10.65	32.36	22.08	17.59	17.89	23.46	31.66	28.59	19.38	23.56
56.02	36.42	38.39	63.19	51.63	56.37	28.04	58.84	53.09	53.09	56.37	44.69	37.32	24.49	39.68	53.09	32.61	44.69	32.98	55.62	56.37	49.51	53.09	56.37
49.75	32.63	25.68	30.42	50.25	48.63	29.03	56.36	43.65	22.52	47.67	36.81	29.01	26.52	21.88	27.68	31.87	14.8	35.43	26.78	56.44	30.58	37.85	40.11
50.58	28.34	48.21	50.5	39.52	48.45	33.12	55.35	44.84	36.6	52.94	57.72	24.49	38.21	26.73	44.66	55.84	21.09	52.5	31.28	55.35	24.99	39.34	50.69
25.67	18.4	17.4	21.42	28.58	41.03	22.85	40.0	7.6	25.01	33.53	38.6	31.96	9.94	6.8	16.64	37.29	19.81	30.3	9.94	44.49	23.1	37.99	40.9
11.01	8.05	18.79	9.37	34.8	26.68	10.58	36.23	14.1	20.32	33.94	28.28	23.76	19.76	31.95	35.55	18.57	16.12	25.45	21.69	34.25	10.52	22.62	18.03
16.02	25.62	20.48	31.82	49.38	53.66	19.39	53.66	29.88	12.3	53.66	44.12	20.56	10.91	34.4	24.35	35.1	23.32	31.23	27.46	61.36	18.23	19.71	72.6
5.07	6.39	31.37	19.43	35.2	17.02	5.34	24.4	7.42	6.77	43.08	13.82	7.17	19.47	30.11	15.56	9.99	14.06	17.5	18.56	38.12	6.92	42.84	29.71
17.96	20.81	33.28	23.38	43.48	43.61	21.03	41.78	18.8	14.96	65.67	30.41	30.9	35.61	20.97	54.32	29.3	24.12	26.31	51.1	49.78	13.44	30.7	43.25
7.3	9.39	30.21	14.61	50.47	48.14	5.52	62.83	25.86	36.06	45.46	35.25	33.47	6.77	53.97	40.93	28.73	11.59	31.85	16.42	44.58	22.48	48.33	40.93
35.32	46.22	65.22	45.69	68.28	75.91	46.39	68.28	63.23	52.09	76.41	63.23	54.98	59.62	28.14	68.28	56.81	51.8	65.08	47.58	64.04	31.13	62.66	65.08
48.52	22.01	51.05	45.83	50.6	33.71	50.26	51.6	66.3	43.21	64.88	59.52	51.12	37.08	58.01	69.08	36.18	41.22	57.3	43.96	40.49	33.53	61.92	36.62
19.43	15.65	47.82	60.51	60.51	54.16	59.7	69.64	27.89	29.49	68.14	47.18	32.85	26.42	49.58	60.51	59.7	38.87	56.72	39.42	69.64	32.85	47.21	46.51
39.77	27.17	21.58	40.96	42.1	58.01	16.14	46.16	34.26	34.1	48.22	51.39	22.91	23.21	44.01	41.57	43.53	11.44	49.15	15.58	25.39	24.85	61.68	64.56
38.76	44.26	67.75	34.2	59.35	41.26	54.62	42.05	50.51	56.86	36.75	52.15	32.95	44.73	59.35	50.51	60.04	67.75	60.04	38.69	63.84	49.81	52.15	60.08
26.84	5.54	46.24	48.09	64.31	56.33	48.09	72.65	45.45	26.77	72.65	65.08	47.21	17.55	36.0	50.69	54.48	32.04	61.29	48.09	60.53	46.1	57.14	80.32
58.58	50.22	76.66	31.45	85.92	78.53	33.74	53.02	50.18	64.48	56.0	69.1	37.86	17.93	36.68	0.02	59.05	67.41	30.85	56.48	44.3	30.05	32.97	25.03
57.75	12.73	39.32	41.87	23.69	41.87	14.53	25.77	31.47	36.45	41.87	41.87	12.85	57.75	7.68	25.77	18.44	17.31	12.31	14.52	41.87	12.67	38.99	25.77
18.26	30.47	38.81	45.81	60.92	62.06	32.96	47.84	35.44	39.26	47.84	31.09	34.81	45.85	41.17	40.71	39.26	53.64	33.0	33.99	47.84	27.38	33.51	46.43
10.38	17.68	9.56	8.38	10.38	10.66	11.64	10.08	10.38	10.08	10.38	10.66	11.64	6.23	7.31	9.75	9.63	9.31	10.08	36.01	10.38	17.82	9.63	9.09
10.62	28.38	37.78	36.49	44.65	23.77	15.37	18.2	42.6	33.27	39.95	43.86	27.72	19.31	13.02	20.92	24.27	8.55	39.75	25.52	40.03	27.34	20.64	31.68
25.19	43.31	27.6	24.69	22.54	21.6	21.07	23.1	34.88	14.9	29.94	20.66	33.94	19.31	26.72	25.95	25.95	24.98	21.07	27.34	21.59	29.22	13.61	13.56
13.81	26.14	33.71	18.88	16.13	27.25	9.01	29.22	13.29	30.47	19.54	40.7	25.12	22.53	11.88	26.96	22.85	25.11	13.95	38.03	23.56	16.52	21.8	32.39
15.56	13.01	35.75	10.27	25.8	25.38	4.6	47.61	8.52	4.71	58.02	10.88	8.19	13.79	36.38	46.09	29.15	5.61	32.53	24.14	48.83	16.21	18.0	38.83
24.43	34.43	18.57	16.36	40.31	48.3	14.76	43.73	8.16	28.73	42.8	34.79	40.37	14.02	12.52	35.19	11.43	6.07	21.47	17.84	39.69	18.42	57.94	33.37
39.07	45.55	47.71	29.06	47.71	35.05	53.89	47.71	53.89	35.31	42.48	47.71	39.07	24.29	39.8	50.25	50.25	44.77	56.33	32.11	50.25	12.44	37.59	13.92
40.97	43.81	65.81	40.14	65.06	77.13	52.73	66.58	42.41	38.53	77.13	51.2	45.31	60.13	16.43	57.83	60.95	54.71	44.76	25.41	86.46	34.7	44.52	54.41
40.84	26.77	14.53	15.76	52.69	28.63	25.13	21.8	6.98	27.47	57.16	41.63	19.42	7.12	47.42	22.34	34.48	22.74	13.52	48.44	41.86	9.37	24.77	73.52
49.74	61.63	49.74	45.26	49.74	45.26	45.72	49.74	45.26	76.12	67.03	45.72	30.04	30.04	7.14	41.25	42.12	59.15	41.25	38.72	61.63	38.72	42.12	61.63
9.62	4.13	32.7	14.22	13.05	21.38	2.91	17.87	7.42	6.18	29.72	33.66	9.63	3.63	6.72	21.85	31.84	24.56	21.98	12.53	36.86	6.56	4.81	8.71
34.27	40.22	46.59	29.97	54.5	64.15	42.43	44.35	43.78	41.83	32.47	53.56	52.7	13.85	16.16	55.25	39.26	28.15	36.0	66.13	61.04	43.97	19.84	64.87
15.66	15.26	24.65	11.67	14.79	27.06	4.95	47.05	16.42	18.25	37.73	19.74	16.52	25.41	16.76	24.89	10.57	21.97	25.97	13.28	52.77	23.56	8.3	38.39
9.29	43.8	10.73	13.35	24.38	13.35	10.73	46.92	47.5	42.73	21.72	52.54	13.13	26.92	3.74	10.73	13.13	38.16	47.5	33.01	39.28	4.03	13.35	24.38
30.87	24.46	27.45	39.17	33.01	48.44	28.24	49.52	33.45	17.63	56.41	47.58	26.44	30.62	17.92	31.97	28.46	20.67	30.87	33.9	36.55	24.78	36.55	35.96
19.64	23.46	33.57	20.9	10.55	70.71	17.54	33.57	31.24	31.24	33.57	21.36	17.54	18.58	10.51	10.55	18.04	5.52	78.25	41.11	70.71	14.99	9.44	77.26
30.19	30.9	12.04	34.32	36.41	41.62	33.15	41.62	24.81	20.8	37.31	22.5	26.14	5.02	28.55	40.65	34.18	20.59	19.66	13.35	35.61	32.47	36.41	35.61
27.24	30.39	13.7	24.58	24.13	12.65	10.48	12.08	11.08	11.45	27.5	13.52	11.92	11.47	13.75	11.59	25.54	30.85	12.08	11.83	12.83	10.39	12.41	29.18
32.59	27.61	14.85	28.57	13.46	46.49	17.52	35.63	36.2	35.52	25.36	48.69	36.08	7.92	12.09	40.72	33.65	5.02	40.38	23.02	62.14	40.11	46.31	81.35
53.19	55.22	78.4	68.04	64.87	68.04	42.12	73.2	60.94	65.41	73.2	72.51	64.94	60.83	47.46	73.34	59.74	56.6	57.95	32.94	82.52	55.1	50.36	40.48
28.09	40.94	33.68	34.79	41.82	32.05	19.89	32.49	27.29	23.77	35.44	41.82	19.89	16.81	32.7	25.35	38.33	25.35	20.36	40.79	31.93	38.33	30.94	31.93
62.47	75.91	41.35	80.55	75.91	38.31	45.51	62.44	39.04	38.66	62.44	38.97	57.18	19.86	47.51	57.18	70.4	41.35	66.78	20.76	19.86	46.3	45.37	51.92
28.02	59.83	41.1	30.5	33.61	28.57	45.3	50.69	48.9	32.36	48.62	47.0	19.97	32.46	57.02	49.17	36.82	19.86	53.8	43.21	34.27	22.37	56.55	47.24
38.12	44.25	42.71	41.15	31.47	36.45	32.28	58.48	36.54	52.45	50.8	35.31	36.65	43.9	45.13	32.49	46.91	58.9	45.98	36.17	62.86	30.74	61.0	68.87
48.02	40.51	48.4	20.55	49.72	53.68	18.54	41.94	26.64	23.27	29.73	52.41	53.57	49.74	37.7	39.79	35.72	51.98	26.46	25.35	41.17	29.25	33.51	38.3
32.92	32.66	50.82	36.03	58.91	67.72	24.77	84.83	39.8	30.83	84.83	88.95	48.02	22.11	37.84	44.01	36.26	39.64	35.03	44.36	84.83	31.12	35.03	47.79
8.89	40.9	43.67	63.4	43.67	63.4	63.4	43.67	43.67	43.67	63.4	43.67	19.1	9.67	63.4	63.4	43.67	43.67	63.4	15.73	63.4	8.89	43.67	43.67
40.14	54.0	52.73	58.23	65.77	62.86	19.04	52.8	22.91	29.25	81.67	56.4	45.56	43.89	26.93	65.66	41.82	26.61	41.82	47.03	81.67	25.71	56.4	67.44
41.57	25.55	29.76	35.05	29.76	33.1	13.3	37.11	55.6	15.85	73.75	23.97	44.54	14.58	42.62	34.37	22.16	38.52	48.08	15.67	61.23	14.31	39.82	58.39
35.41	27.38	67.81	15.84	76.12	53.34	11.64	37.6	42.95	53.34	76.12	45.72	43.33	76.12	42.31	67.81	11.64	10.22	46.89	18.48	53.34	23.42	39.38	100.0
30.22	55.65	50.0	58.28	55.59	74.48	5.01	69.78	54.18	33.16	76.81	71.01	61.6	43.53	20.82	51.82	67.12	39.54	42.05	39.37	60.16	38.66	42.07	76.81
39.83	49.74	50.17	49.74	49.74	50.17	39.83	49.74	49.74	49.74	49.74	49.74	49.74	36.62	49.74	35.42	39.83	49.74	49.74	49.74	49.74	31.82	49.74	49.74
26.28	31.45	33.95	44.81	32.35	14.17	38.92	11.09	19.32	20.34	25.46	9.08	47.17	29.71	53.22	31.09	20.66	35.3	54.48	31.81	20.92	26.95	44.37	34.6
37.23	63.67	37.04	46.95	47.5	39.39	25.4	21.96	30.62	28.11	32.5	76.96	29.21	9.22	23.02	27.46	21.78	21.97	30.41	42.33	64.93	46.1	30.85	55.87
12.08	36.62	32.67	21.5	46.57	42.17	13.83	73.88	13.98	11.81	61.84	32.62	14.01	52.99	15.06	25.82	21.29	11.61	22.36	9.06	52.99	15.72	29.47	49.39
28.12	32.81	37.03	33.17	73.83	56.49	17.79	82.07	35.93	41.73	63.66	38.76	43.71	37.03	30.84	43.71	37.29	18.76	56.49	39.92	62.57	42.17	25.0	59.76
25.25	21.33	28.96	34.79	45.54	47.17	23.51	37.41	20.38	36.98	27.41	35.36	4.3	25.22	40.96	27.41	34.25	39.94	35.36	23.98	42.54	22.99	29.49	28.14
5.7	4.13	12.94	36.72	18.9	28.58	4.8	48.14	18.56	6.59	40.88	21.63	9.87	35.96	6.52	6.21	20.17	21.02	16.35	4.31	32.47	5.81	12.83	16.05
6.35	6.12	34.43	37.57	33.87	32.59	4.03	64.86	9.15	5.71	45.77	13.26	6.76	40.42	7.43	19.36	24.65	8.49	15.82	4.28	51.2	9.73	6.21	60.81
21.2	29.85	100.0	21.2	65.8	65.8	44.83	65.8	65.8	65.8	65.8	53.48	54.11	21.2	100.0	65.8	55.55	65.8	65.8	31.46	65.8	65.8	65.8	100.0
26.24	23.9	58.52	26.24	70.77	64.87	55.79	84.92	60.53	40.87	70.77	57.7	42.59	47.21	36.87	70.77	48.46	51.09	57.7	39.42	84.92	48.46	37.26	63.84
21.83	55.5	37.19	50.16	44.63	39.51	43.25	52.81	35.36	21.97	39.12	49.74	33.07	6.71	24.8	30.07	9.32	16.38	40.02	40.96	56.63	18.67	23.81	55.15
37.58	42.82	68.02	36.3	64.63	68.18	53.85	49.56	56.75	50.5	64.63	76.09	54.04	33.36	44.21	70.38	39.37	42.05	47.63	35.73	50.7	46.43	38.42	40.02
54.37	19.67	69.98	51.53	77.44	40.53	18.92	77.44	46.05	31.54	49.13	57.96	8.89	29.19	18.21	40.53	39.65	18.65	31.61	12.66	77.44	37.95	33.89	16.06
4.9	7.44	9.1	5.09	57.58	45.47	7.95	53.28	9.88	10.57	46.37	6.64	7.73	5.99	10.69	53.08	2.86	10.52	6.96	7.66	46.37	10.83	61.0	53.08
7.49	17.41	18.03	12.35	36.44	21.84	8.07	24.36	10.64	11.94	31.49	15.59	5.57	16.11	11.3	10.33	7.25	5.92	10.05	36.44	24.36	9.15	17.29	10.25
32.16	30.13	50.5	38.22	50.5	46.3	14.91	22.53	12.18	16.89	24.57	23.83	34.86	10.43	23.69	30.94	21.29	22.05	25.83	46.3	43.89	29.74	50.5	37.38
41.27	32.59	43.77	39.89	43.73	55.8	30.43	56.89	36.18	24.0	57.37	47.58	42.31	42.72	33.85	39.07	39.48	45.29	40.12	50.98	60.92	34.72	50.61	59.3
18.85	23.6	32.02	24.45	48.83	42.8	25.38	36.06	36.52	15.95	33.18	23.6	22.8	48.34	17.0	28.81	33.18	36.99	28.81	28.2	50.79	21.97	33.64	33.18
25.21	48.33	21.4	100.0	100.0	24.71	48.33	22.24	22.24	66.52	100.0	22.24	100.0	39.46	43.75	80.71	23.0	8.13	11.02	22.24	100.0	35.08	80.71	22.24
42.39	39.45	53.31	33.9	53.18	43.47	24.52	43.52	40.24	17.46	43.52	53.18	29.01	52.71	30.23	53.18	27.48	22.58	24.43	53.36	43.52	29.37	29.88	43.52
15.47	10.66	18.44	13.32	18.44	11.45	12.51	33.81	15.23	3.17	14.63	17.31	13.11	12.11	11.76	18.44	29.15	20.4	9.36	13.58	61.48	14.46	12.51	18.44
51.31	52.05	49.83	51.31	52.05	42.66	15.92	49.83	37.74	26.94	55.04	51.31	27.75	48.15	15.64	35.35	51.31	33.46	42.66	37.95	47.79	33.17	14.27	52.16
21.66	21.23	21.66	14.96	47.55	2.27	23.42	42.26	15.42	12.93	68.98	38.46	7.29	26.63	20.7	22.72	20.12	28.69	15.36	23.15	75.17	37.6	25.19	54.64
50.92	41.29	75.91	61.36	91.55	68.69	34.83	68.69	70.2	43.32	66.61	53.71	40.97	12.3	56.5	58.53	26.12	24.54	65.29	80.06	68.69	70.94	61.16	56.5
18.49	34.25	36.34	39.71	58.51	56.82	31.71	26.14	43.55	45.94	48.53	46.09	41.93	11.09	47.88	29.19	28.14	70.91	35.95	20.13	29.98	23.27	32.96	59.44
17.17	20.95	6.62	15.68	9.43	10.52	9.77	16.93	13.25	8.49	11.78	15.12	5.08	6.06	9.07	16.95	14.68	9.09	16.03	3.38	12.1	10.04	15.1	16.35
24.21	32.38	61.05	54.24	54.24	61.05	33.89	54.24	61.05	41.21	54.24	54.24	40.33	80.03	54.24	61.05	40.33	46.89	40.33	54.24	54.24	16.94	40.33	54.24
14.0	41.96	51.44	83.37	58.35	70.62	53.75	25.92	61.83	47.29	25.92	75.4	47.29	28.76	39.2	44.04	36.4	42.38	79.63	57.74	70.62	63.68	66.67	74.91
43.41	52.11	44.36	40.29	46.7	51.64	30.92	52.91	41.34	24.51	52.86	33.88	30.25	21.44	47.82	49.02	20.1	29.41	35.67	17.0	58.41	22.19	26.94	59.74
31.2	29.97	34.87	47.58	31.82	33.13	36.21	36.95	31.82	49.03	31.82	18.04	36.42	32.08	40.1	38.17	31.56	6.49	30.62	50.63	33.13	34.87	42.99	29.19
11.02	5.81	5.02	10.02	8.82	10.02	8.19	5.86	5.84	8.64	8.94	11.71	7.88	11.22	6.67	10.6	3.89	6.72	6.66	8.52	6.03	10.27	8.23	5.86
6.39	8.84	34.47	22.12	33.13	31.65	26.06	29.26	29.61	12.79	31.65	12.77	12.96	12.02	11.82	21.48	13.5	20.54	14.65	20.77	31.65	4.75	22.0	14.74
73.83	76.23	39.96	46.99	57.27	49.19	52.88	44.61	51.55	27.0	49.19	68.94	68.94	84.83	33.0	44.61	64.57	39.96	39.96	68.94	49.19	44.61	50.62	49.19
25.73	21.53	59.81	37.01	51.3	61.19	55.22	48.33	18.4	44.62	51.3	47.82	27.49	34.86	49.95	33.93	33.53	27.62	38.95	45.2	51.3	36.83	38.8	57.76
43.46	49.84	48.3	50.05	52.74	53.18	28.27	44.33	48.5	59.3	53.8	53.48	35.43	20.46	31.73	48.31	46.06	42.39	51.08	41.63	52.44	47.99	43.16	50.29
15.36	28.13	22.8	19.71	30.02	27.46	21.19	27.46	6.98	20.67	30.02	27.46	31.56	7.17	12.15	29.62	20.9	21.59	26.49	21.63	27.46	20.69	25.94	29.62
29.55	20.32	13.27	13.29	18.56	16.1	22.06	31.33	20.58	18.28	39.4	15.86	38.15	21.23	22.8	19.52	33.99	18.79	31.65	29.1	50.65	29.04	35.03	20.02
2.34	2.61	6.01	25.51	30.12	20.33	3.99	9.31	17.83	16.43	20.34	6.05	16.69	5.12	22.0	4.21	6.51	25.51	28.55	4.45	37.97	1.98	19.01	47.38
37.39	26.15	15.87	6.78	37.5	37.5	6.48	9.26	27.88	6.13	40.64	13.7	32.39	13.12	13.52	31.75	13.99	9.85	12.99	37.5	51.12	13.31	6.13	37.5
46.06	22.01	16.68	12.52	28.71	14.04	21.68	14.72	16.65	11.17	28.34	18.26	30.65	17.47	33.78	25.67	43.78	30.45	16.65	26.13	28.43	28.34	38.11	15.57
52.7	37.63	71.0	20.6	77.87	75.32	53.56	66.26	69.62	61.54	62.88	71.65	37.83	48.21	66.58	81.95	70.18	47.42	64.9	63.01	75.32	54.03	74.66	81.28
29.98	10.34	54.34	56.24	54.34	54.34	18.27	54.34	54.34	39.75	54.34	24.71	25.99	58.68	17.55	54.34	40.4	40.4	37.6	47.59	54.34	48.99	35.22	54.34
61.59	62.93	32.88	38.46	68.43	62.28	45.49	40.9	63.3	31.77	63.22	13.21	47.64	10.85	40.75	53.49	72.19	18.79	29.4	60.33	80.22	39.46	77.89	60.38
24.26	17.78	13.12	31.9	36.08	29.38	5.73	59.69	15.91	6.78	59.69	29.38	22.37	13.26	12.47	36.08	33.19	7.58	11.53	9.38	40.6	14.61	22.87	70.71
36.33	38.31	11.53	11.35	50.3	48.06	24.52	50.3	42.81	40.49	52.76	48.06	25.17	2.64	32.84	38.69	20.62	16.25	20.26	50.3	53.41	21.68	36.33	53.41
20.27	13.9	10.92	27.81	19.52	27.36	6.05	22.3	21.95	9.79	17.44	19.8	33.96	19.7	22.91	19.8	24.01	10.17	33.82	27.84	40.85	20.6	40.16	27.83
5.5	9.99	5.05	13.52	28.5	14.71	19.54	12.99	9.99	15.06	37.58	27.23	24.54	5.19	7.73	26.24	13.52	14.3	14.3	28.14	12.75	29.62	11.61	28.3
62.64	59.2	85.41	85.41	82.61	88.41	57.18	82.61	26.12	54.19	72.51	40.68	55.02	3.79	23.34	76.49	68.02	62.78	40.14	67.26	82.61	57.18	50.45	84.67
23.38	25.59	18.5	14.42	21.54	15.05	32.59	23.26	13.9	22.29	20.38	10.33	14.9	14.61	20.29	28.62	12.35	12.37	25.17	25.9	21.81	6.65	18.28	24.34
31.7	37.66	26.24	26.24	28.09	32.27	35.44	25.91	16.96	28.9	28.46	40.55	20.96	30.55	40.71	33.04	27.72	18.88	19.21	11.55	26.24	33.31	33.13	31.25
48.08	55.88	58.17	34.37	60.85	55.45	45.56	54.42	52.89	44.82	63.72	55.32	54.05	47.91	42.03	53.85	45.97	54.61	52.31	60.75	55.42	43.55	52.73	56.35
20.2	28.3	44.4	45.24	64.88	55.71	21.47	64.88	32.37	40.53	87.02	68.5	49.53	12.86	31.24	56.79	26.13	24.02	50.39	29.42	87.02	39.76	38.07	87.02
21.89	44.57	35.66	25.76	47.12	60.97	16.39	61.71	58.66	33.99	68.22	40.67	58.24	46.65	32.49	39.39	46.73	68.22	50.51	32.22	57.54	50.83	64.64	58.72
8.84	9.03	8.24	11.25	15.58	33.69	11.76	54.31	11.07	24.77	49.31	19.28	9.0	21.19	8.6	14.06	24.95	11.42	14.04	12.4	41.41	14.52	25.62	22.7
28.69	39.24	56.0	73.9	59.61	41.49	40.49	100.0	49.49	74.09	84.53	43.43	56.69	43.77	38.61	46.43	59.61	34.85	59.46	46.94	43.43	41.49	46.43	61.48
26.3	43.48	49.22	47.39	49.22	41.8	32.39	54.75	34.7	31.35	65.24	39.57	33.3	15.73	30.47	48.96	45.29	32.78	52.7	19.12	52.12	40.6	40.73	53.85
40.87	42.73	5.82	23.15	50.67	32.51	24.52	33.77	10.17	47.92	31.58	40.81	40.81	11.57	23.55	32.65	46.33	23.92	44.53	49.08	33.89	11.35	46.52	42.18
4.48	23.24	48.14	24.81	48.95	55.13	23.21	42.84	48.82	30.12	55.88	50.1	34.77	10.92	12.07	56.63	26.6	19.76	30.47	24.08	35.84	34.32	16.97	37.16
44.53	36.88	44.86	25.9	46.05	62.98	38.5	46.05	62.98	62.98	62.07	46.05	62.07	36.62	44.82	62.98	62.07	45.72	100.0	39.36	62.07	49.13	62.98	62.07
47.78	47.9	57.61	45.47	77.09	68.66	25.6	100.0	28.19	33.69	100.0	50.04	50.03	48.47	41.06	38.01	52.13	39.51	38.01	38.12	100.0	23.84	16.01	75.39
48.39	30.97	43.94	48.08	65.6	48.13	34.98	50.5	31.65	43.06	49.19	56.74	57.47	37.63	38.93	39.46	30.19	42.34	29.84	32.5	56.74	42.78	47.18	51.58
44.27	41.67	25.8	31.03	46.07	29.84	38.57	30.16	32.24	52.94	30.21	33.14	41.31	21.04	43.88	30.46	54.2	22.27	30.25	31.03	33.83	33.79	39.51	28.03
46.95	34.83	53.85	11.61	64.94	46.95	20.22	84.1	61.35	23.14	67.12	61.35	69.92	23.38	51.62	56.95	33.73	42.63	60.48	50.02	73.17	22.94	55.91	39.05
26.11	14.26	23.41	42.57	36.74	37.07	18.69	51.0	27.13	20.03	35.55	24.49	23.58	25.03	24.12	27.35	23.56	6.17	16.69	29.11	36.73	30.14	37.52	43.7
14.83	24.77	12.14	11.6	22.29	28.98	30.7	25.92	12.66	4.45	66.52	9.56	19.94	10.17	5.38	14.23	12.66	8.97	17.64	7.52	40.49	15.49	12.66	18.43
56.37	18.17	27.57	27.57	27.57	38.54	18.0	76.25	23.91	70.98	38.54	13.04	27.57	5.14	9.85	70.98	23.08	26.92	27.57	11.95	27.57	29.12	18.44	33.6
17.08	17.47	33.98	35.02	36.85	36.61	17.71	38.93	24.2	28.93	43.26	30.91	30.38	20.76	26.68	35.4	31.11	24.11	33.07	22.42	41.12	30.73	15.04	28.53
6.47	3.02	9.76	15.68	4.47	26.22	3.67	31.76	6.75	9.14	20.9	6.99	3.35	7.42	6.84	9.44	4.36	7.25	4.18	5.44	12.26	7.09	7.2	12.02
21.74	21.89	28.99	19.3	34.18	28.83	6.67	31.17	20.69	19.1	33.53	13.63	19.1	31.24	9.63	14.61	19.3	30.71	20.02	19.83	29.64	20.61	18.85	20.71
19.11	18.36	11.84	27.5	12.29	34.39	17.06	21.2	17.42	8.31	34.39	17.78	16.72	11.4	17.03	12.49	12.06	7.77	19.34	17.44	36.94	7.5	16.72	34.39
17.41	20.88	53.06	40.16	57.66	50.69	7.31	67.09	8.29	20.95	67.09	17.86	34.69	18.51	15.73	38.42	40.16	5.17	40.16	40.28	85.79	4.58	27.57	17.56
34.85	33.71	31.32	48.98	47.51	42.51	43.31	53.31	17.1	16.05	53.31	49.76	32.68	11.48	8.99	40.86	49.73	30.6	45.0	51.31	49.1	19.84	9.87	46.57
4.8	7.44	16.21	10.53	33.88	31.27	16.19	32.48	15.31	13.84	21.76	29.22	20.81	11.84	17.92	12.21	17.66	23.03	11.12	7.87	39.09	14.89	7.45	38.72
0.96	1.02	2.37	1.1	1.43	1.12	1.16	1.12	1.19	2.42	1.16	1.31	1.22	1.48	1.26	2.82	1.08	1.14	1.14	1.46	1.24	1.92	2.41	1.19
7.39	15.68	16.46	34.1	13.03	35.25	6.31	16.7	12.66	10.17	33.04	11.42	7.13	17.58	11.76	33.85	16.96	8.92	30.95	10.99	14.29	9.13	23.41	15.54
3.45	13.84	11.45	6.88	10.99	20.34	10.86	34.16	21.43	4.63	21.83	11.37	3.59	3.27	9.88	25.83	21.0	3.62	11.6	15.51	25.41	9.94	7.9	31.92
11.6	11.77	14.16	3.83	12.65	14.16	11.93	14.15	12.14	11.61	9.15	14.0	13.26	17.59	13.99	14.0	14.29	5.98	14.86	25.02	9.4	10.09	13.83	14.15
29.81	21.34	31.95	31.0	33.95	15.19	18.55	29.72	16.67	11.21	27.63	29.39	31.05	24.79	14.81	21.54	23.97	23.77	18.26	14.87	6.04	23.15	27.85	24.32
2.07	2.44	13.79	2.57	1.9	1.82	2.52	2.44	2.22	1.79	1.63	1.53	2.66	2.57	1.89	2.27	2.27	2.27	2.57	2.55	1.82	2.39	2.52	1.89
8.95	21.41	22.71	24.36	22.88	22.71	8.69	23.86	19.28	26.34	22.06	23.67	21.57	13.48	9.02	20.66	22.5	23.78	20.98	23.39	29.28	18.67	22.86	30.68
18.9	19.62	4.89	19.55	33.66	33.66	20.06	28.01	33.66	27.64	33.66	33.66	39.24	27.53	23.45	33.66	33.66	34.93	33.66	21.59	33.66	14.72	26.49	33.66
28.43	20.16	48.59	39.67	30.75	54.12	15.94	48.59	58.57	51.74	48.59	35.59	19.43	42.09	23.42	25.96	25.96	33.81	25.96	48.59	39.67	45.02	25.96	24.62
19.33	14.3	20.34	47.92	40.52	40.52	6.0	19.3	33.23	28.38	47.92	32.79	16.71	10.93	14.79	25.82	24.7	12.99	24.65	9.86	47.92	11.15	24.71	32.79
1.27	1.18	1.19	1.1	0.91	1.2	0.95	0.95	1.27	1.21	1.08	0.98	1.21	1.05	1.26	0.83	1.33	1.24	1.02	1.19	1.0	1.05	1.1	1.08
20.79	30.71	28.95	23.18	37.69	28.82	20.9	24.34	25.9	16.38	31.08	18.76	21.84	33.18	10.11	24.03	22.76	31.88	18.39	34.12	35.23	23.12	29.91	24.34
9.22	9.23	35.32	32.61	20.97	34.84	34.66	37.46	25.96	27.04	34.73	10.89	28.89	38.77	21.78	43.43	31.73	26.33	23.81	35.91	43.76	27.51	27.29	27.62
15.82	11.75	14.47	16.49	13.7	25.9	16.01	31.4	23.64	16.85	32.03	23.94	4.98	5.49	11.65	15.07	5.79	12.25	23.78	1.26	32.03	6.0	5.71	29.13
15.15	9.44	13.49	6.39	10.85	10.89	7.93	13.53	7.46	17.93	10.7	7.98	8.94	3.02	8.71	20.13	7.44	7.32	7.66	5.3	11.58	8.81	11.4	10.64
4.13	4.08	5.75	5.05	5.05	8.78	17.98	13.43	8.78	13.43	5.75	5.05	13.34	12.37	4.58	5.05	5.02	5.05	5.02	7.93	5.75	5.05	13.34	13.34
10.9	34.12	26.06	44.91	57.85	36.5	15.25	50.76	44.41	27.19	60.37	46.69	25.02	30.39	55.99	24.77	17.78	27.36	15.58	28.37	43.28	20.3	28.55	32.24
7.78	44.84	30.76	44.84	49.76	34.85	37.14	49.23	29.6	32.52	44.84	31.45	44.84	53.81	23.28	22.37	31.45	8.61	28.95	32.84	59.55	42.55	29.27	60.72
16.62	25.35	29.94	30.49	24.62	31.73	22.83	25.82	24.12	28.69	25.82	23.34	31.03	36.83	19.15	29.16	26.53	4.8	26.53	28.12	25.82	24.61	25.83	31.77
17.82	28.23	28.09	21.39	21.92	14.35	12.8	23.79	20.72	16.03	39.0	33.21	21.59	22.75	18.92	20.91	35.91	21.91	17.93	38.97	28.13	22.27	15.48	32.06
32.89	20.26	43.86	24.93	50.42	56.17	35.5	40.01	35.78	25.36	62.56	44.6	40.2	18.73	16.89	54.5	51.25	34.48	23.38	47.31	52.42	49.74	14.91	53.56
29.27	25.71	22.1	35.39	34.05	35.31	23.85	36.47	26.69	17.27	36.46	40.01	20.8	23.85	15.48	37.52	26.98	30.14	35.69	27.07	33.78	26.07	30.22	31.12
