terms,total
Wertzuständigkeit,2
"Parteisachverständiger, Privatsachverständiger",2
"Parteisachverständiger, Privatsachverständiger",2
"Einlassung der Partei, Einlassung der Parteien",11
Besitzschutzklage,0
Schiedsverfahren,40
"Beeidigung des Sachverständigen, Sachverständigeneid",2
"Festlegung der Zuständigkeit, Zuständigkeitsfeststellung",18
Anerkennung,564
"Advokat, RA, Rechtsanwalt",77
"Advokat, RA, Rechtsanwalt",77
Streitgenossenschaft,6
"Aufhebung, Außerkraftsetzung",371
"Aufhebung, Außerkraftsetzung",371
Beitritt,107
"Einlassung in das Verfahren, Streiteinlassung",14
"Einlassung in das Verfahren, Streiteinlassung",14
Spezialkurator,21
Grund des erhobenen Anspruchs,0
Gegenstand des erhobenen Anspruchs,2
dingliches Recht,4
Durchführungsverordnung,2252
"Hausangestellter, Haushaltsgehilfe",8
"Kindergartenassistent, pädagogischer Mitarbeiter",24
spezialisierter Straßenwärter,6
Sozialassistent,25
"Werbeassistent, Werbesachbearbeiter",5
Freiberufler,154
"Disziplinarmaßnahme, Disziplinarstrafe",45
Ministerrat,25
Minister ohne Geschäftsbereich,0
Gemeinde,2894
Gemeinderat,140
Bürgermeister,808
Gemeindeausschuss,39
"Gemeindeassessor, Gemeindereferent, Stadtrat",10
"Gemeindeassessor, Gemeindereferent, Stadtrat",10
"Gemeinderat, Gemeinderatsmitglied",150
"Satzungsautonomie, Satzungsbefugnis",5
Finanzautonomie,3
"Geschäftsbereich, Ministerium",575
"Anteil, Gesellschaftsanteil",550
Bürgschaft,101
"Geschäftsführer, Verwalter, Verwalter der Gesellschaft",679
"Geschäftsführer, Verwalter, Verwalter der Gesellschaft",679
"Geschäftsführer, Verwalter, Verwalter der Gesellschaft",679
"Bevollmächtigter, Vertreter",1575
"Gewinn- und Verlustrechnung, GuV-Rechnung",37
"Gewinn- und Verlustrechnung, GuV-Rechnung",37
Auftrag,1092
"Gesellschaft mit beschränkter Haftung, GmbH",38
"Gesellschaft mit beschränkter Haftung, GmbH",38
"Referendum, Volksabstimmung, Volksbefragung",350
"Referendum, Volksabstimmung, Volksbefragung",350
"Referendum, Volksabstimmung, Volksbefragung",350
Verwaltungsstrafe,459
"Selbstbebauer, selbstbearbeitender Bauer",29
Adoption,150
"Anvertrauung zur Betreuung vor der Adoption, Überlassung zur adoptionsvorbereitenden Betreuung",10
"Anschluss, Beitritt",236
Vormund,109
gesetzliche Zinsen,0
Verordnung,2683
Diskontsatz,5
"Kasse für Landwirtschaft und Handwerk, Raiffeisenkasse",0
Forderung,280
"ZGB, Zivilgesetzbuch",217
"Entlohnung, Lohn, Vergütung",1163
"Entlohnung, Lohn, Vergütung",1163
"Bescheinigung über den Wohnsitz, Wohnsitzbescheinigung",18
"Bescheinigung über den Wohnsitz, Wohnsitzbescheinigung",18
"Staatsbürgerschaftsbescheinigung, Staatsbürgerschaftsnachweis",3
"Handwerksbetrieb, Handwerksunternehmen",105
"Handwerksbetrieb, Handwerksunternehmen",105
Schiedsvertrag,8
Versicherung gegen Arbeitsunfälle und Berufskrankheiten,4
Domizil,265
Staatenloser,1
Staatsbürgerschaft,127
ausländische Verfügung,3
elterliche Gewalt,48
Abstammung,33
"Norm, Rechtsvorschrift, Vorschrift",247
"Norm, Rechtsvorschrift, Vorschrift",247
unerlaubte Handlung,7
"Ehetrennung, Trennung",157
persönliche Rechtsverhältnisse,1
Legitimation durch nachfolgende Eheschließung,2
"Schutz der Minderjährigen, Schutz von Minderjährigen",10
Staatspolizei,26
Grundschule,238
Verteidiger,156
Amtsverteidiger,12
"Amtssachverständiger, Sachverständiger",50
"Amtssachverständiger, Sachverständiger",50
Zivilpartei,49
Unvereinbarkeit,162
Vollstreckung,225
Reisepass,5
"Beschuldigter, Person, die den Vorerhebungen unterworfen ist, Person, gegen die ermittelt wird",2
"Anhaltung, Verhaftung",45
"Erbschaft, Verlassenschaft",192
"Erbschaft, Verlassenschaft",192
Pflichtteilsberechtigter,0
"Erbteilung, Teilung der Erbschaft",10
"Erbteilung, Teilung der Erbschaft",10
Berichtigung inhaltlicher Fehler,2
Strafregister,15
"Durchsuchung der Person, Leibesvisitation",2
"Durchsuchung der Person, Leibesvisitation",2
Wiedereinsetzung in die früheren Rechte,22
Dekret auf Einleitung des Hauptverfahrens,6
Testament,138
Vermächtnis,59
"Satzung, Statut",852
"Satzung, Statut",852
bewegliche Sache,14
Gesamtsache,8
natürliche Früchte,2
Zivilfrüchte,5
Erwerb,635
"Absonderung, Absonderung von Früchten",33
"Rechtsstellung, rechtliche Stellung",62
"Rechtsstellung, rechtliche Stellung",62
"unverkäuflich, unveräußerlich",10
Requirierung,4
"Eigentum an Grund und Boden, Grundeigentum",8
"Eigentum an Grund und Boden, Grundeigentum",8
"Bereich unter der Erdoberfläche, Untergrund",98
"Bereich unter der Erdoberfläche, Untergrund",98
"Dienstbarkeit, Grunddienstbarkeit",140
"Dienstbarkeit, Grunddienstbarkeit",140
"Baugrund, Bauland, bebaubare Fläche, bebaubares Grundstück",63
"Baugrund, Bauland, bebaubare Fläche, bebaubares Grundstück",63
"Baugrund, Bauland, bebaubare Fläche, bebaubares Grundstück",63
Inhaber,965
"Verbindung, Zuwachs",436
"Erbbaurecht, Überbaurecht",19
"Erbbaurecht, Überbaurecht",19
Hinzufügung,4
"Sorgfalt eines guten Familienvaters, Sorgfalt eines ordentlichen Hausvaters",10
Anmaßung,2
herrschendes Grundstück,0
dienendes Grundstück,0
Vereinigung,249
"Gesamtschuld, Gesamtschuldverhältnis, Gesamtverbindlichkeit",14
"Gesamtschuld, Gesamtschuldverhältnis, Gesamtverbindlichkeit",14
"Gesamtschuld, Gesamtschuldverhältnis, Gesamtverbindlichkeit",14
"Gemeinschaftseigentum, Kondominium, Miteigentum an Gebäuden",10
Neuerung,23
"Versammlung der Hausmiteigentümer, Versammlung der Miteigentümer",6
Standesbeamter,0
Versöhnung,5
einverständliche Ehetrennung,1
Innehabung,12
Besitz in gutem Glauben,5
"Klage auf Wiederherstellung, Klage auf Wiederherstellung des Besitzes, Klage wegen Entziehung des Besitzes, Wiederherstellungsklage",4
Klage auf Erhaltung des Besitzes,2
Mitgift,9
ungeteiltes Eigentum,1
Familienunternehmen,19
"Anspruch auf Unterhalt, Anspruch auf vollen Unterhalt, Recht auf Unterhalt",5
"Anspruch auf Unterhalt, Anspruch auf vollen Unterhalt, Recht auf Unterhalt",5
"Gestaltungsurteil, Urteil mit konstitutiver Wirkung, rechtsgestaltendes Urteil",0
Gattungsschuld,1
Erfüllung durch einen Dritten,1
Quittung,42
Scheingeschäft,4
Freispruch,30
"Rüge, Verweis",99
beglaubigte Privaturkunde,7
Bestreitung der Vaterschaft,3
Kindesunterschiebung,2
"Klage auf Bestreitung der Vaterschaft, Vaterschaftsbestreitungsklage",13
Bauleitplan,143
Vorfahre,4
Nachkomme,4
Spezialvollmacht,2
Entlassung aus der elterlichen Verantwortung,2
"Rechtswirkungen, bürgerliche Wirkungen, zivilrechtliche Wirkungen",111
"Pfand, Pfandrecht",92
"Pfand, Pfandrecht",92
"Schuld, Verbindlichkeit",280
"Schuld, Verbindlichkeit",280
Vormundstellvertreter,20
Darlehensgeber,14
Darlehensnehmer,41
"Gläubigerverzug, Verzug des Gläubigers",1
Realangebot,5
Aufforderung,434
"Verbindlichkeit, die eine Handlung zum Gegenstand hat, Verpflichtung zur Vornahme einer Handlung",1
Gefahr,335
entgangener Gewinn,0
"fahrlässige Handlung, schuldhaftes Verhalten",2
"fahrlässige Handlung, schuldhaftes Verhalten",2
"Klausel, Vertragsklausel",75
Neuerung,23
"Aufrechnung, Verrechnung",91
Gemeinschuldner,69
von Amts wegen,791
"nachfolgende Unmöglichkeit, nachträgliche Unmöglichkeit",8
"nachfolgende Unmöglichkeit, nachträgliche Unmöglichkeit",8
Geschäftsführer,76
Teilunmöglichkeit,1
"Schlechtgläubigkeit, schlechter Glaube",2
Miterbe,13
nichteheliches Kind,0
"Zessionar, Übernehmer",86
Adoptierender,3
persönliche Sicherheit,3
Einwendung,32
Schuldübernahme,7
Wahlschuld,4
Schuldanerkenntnis,4
Rechtsgrund,18
"Bezugsrecht, Optionsrecht",39
"Bezugsrecht, Optionsrecht",39
Ausgleichung,32
"Fälschungsklage, Fälschungsstreit, Fälschungsstreitigkeit",26
"Fälschungsklage, Fälschungsstreit, Fälschungsstreitigkeit",26
stillschweigende Annahme,4
Vermächtnisnehmer,94
gesetzliche Erbfolge,2
"Beweggrund, Grund",2049
aufschiebende Bedingung,3
"Anteil, Erbanteil, Erbteil",551
stille Gesellschaft,4
notarielles Testament,0
Beschwerter,0
auflösende Bedingung,5
Vorausvermächtnis,1
Ersatzerbfolge,6
Nacherbfolge,9
"Testamentsvollstrecker, Testamentvollstrecker",23
"Testamentsvollstrecker, Testamentvollstrecker",23
"Erbschaftsschuld, Erbschaftsverbindlichkeit",0
"Erbschaftsschuld, Erbschaftsverbindlichkeit",0
Rückgriff,51
Veräußerung,296
Erbmasse,11
Vertragsstrafe,33
Rückgängigmachung,21
"Auslassung, Unterlassung",111
"Auslassung, Unterlassung",111
Abmachung des Heimfalls,1
"Arbeitsvertrag, Einzelvertrag, Individualarbeitsvertrag, Individualvertrag",249
"Arbeitsvertrag, Einzelvertrag, Individualarbeitsvertrag, Individualvertrag",249
höherer Angestellter,1
Vertrag zugunsten Dritter,2
Versprechender,0
mehrseitiger Vertrag,0
Täuschungshandlung,1
"Berechnungsirrtum, Rechenfehler",7
"Berechnungsirrtum, Rechenfehler",7
"Aufhebung des Vertrages, Auflösung des Vertrags",30
übermäßige Belastung,2
"Gewähr für die gute Gebrauchsfähigkeit, Gewährleistung für die gute Gebrauchsfähigkeit",2
Erbschaftskauf,3
Anhängigkeit des Rechtsstreites,0
Lehrling,66
landwirtschaftlicher Unternehmer,11
Handelsregisteramt,51
Banktätigkeit,2
Handelstätigkeit,139
"Abzeichnung, Vidimierung",16
Werkhersteller,13
"Recht zur Zurückbehaltung, Zurückbehaltung, Zurückbehaltungsrecht",11
"abhängige Arbeit, nichtselbstständige Arbeit",5
"Arbeit im Haushalt, Hausangestelltenarbeit, Hausarbeit",5
"Arbeit im Haushalt, Hausangestelltenarbeit, Hausarbeit",5
einfache Gesellschaft,7
Sitz der Gesellschaft,35
"Gesellschaftsgegenstand, Gesellschaftszweck",21
Pachtzins,12
Teilleistung,4
Beförderung,259
Agenturvertrag,6
Maklervertrag,1
Makler,20
Verwahrer,159
"Einlagerer, Einleger, Hinterleger",27
"KGaA, Kommanditgesellschaft auf Aktien",8
"KGaA, Kommanditgesellschaft auf Aktien",8
Lagerschein,8
"Indossament, Indossierung",44
"Indossament, Indossierung",44
Pfandgläubiger,9
Indossant,12
Entlehner,15
"Gesellschaftsverbindlichkeiten, Verbindlichkeiten der Gesellschaft",22
"Gesellschaftsverbindlichkeiten, Verbindlichkeiten der Gesellschaft",22
Bankvertrag,0
Liquidator,11
Sparbuch,8
Börsenmakler,5
Bankvorschuss,0
"OHG, offene Handelsgesellschaft",7
beglaubigte Unterschrift,5
gesamtschuldnerische Haftung,5
Wettbewerbsverbot,3
Herabsetzung des Kapitals,23
"Eröffnung des Konkurses, Konkurseröffnung",66
Kommanditist,4
grobe Fahrlässigkeit,30
Wegfall des Risikos,2
Versicherter,2
Zusammenlegung,103
Versicherungsagent,0
Mitversicherung,2
Gründungsgesellschafter,6
Amtsblatt für die Aktiengesellschaften und Gesellschaften mit beschränkter Haftung,5
Rücklagen,97
Gesamtrechtsnachfolge,9
"Recht auf Gewinnbeteiligung, Recht auf den Gewinn",3
persönliche Einwendungen,1
abhängige Gesellschaft,4
verbundene Gesellschaft,0
außerordentliche Gesellschafterversammlung,25
Schaden,351
"Abmachung des Eigentumsvorbehaltes, Eigentumsvorbehalt",13
"Annahme der Erbschaft, Erbschaftsannahme",15
"Annahme der Erbschaft, Erbschaftsannahme",15
"Buch der Sitzungsniederschriften und der Beschlüsse, Buch für die Sitzungsniederschriften und Beschlüsse, Buch über die Sitzungen und Beschlüsse, Sitzungs- und Beschlussbuch",12
"Buch der Sitzungsniederschriften und der Beschlüsse, Buch für die Sitzungsniederschriften und Beschlüsse, Buch über die Sitzungen und Beschlüsse, Sitzungs- und Beschlussbuch",12
Masseverwalter,83
"Nichtwählbarkeit, Unwählbarkeit",18
"zur Erbschaft Berufener, zur Erbschaft berufene Person",2
gesetzliche Rücklage,4
"Bücher der Gesellschaft, Gesellschaftsbücher",8
"Gesellschafterbuch, Mitgliederverzeichnis, Mitgliedsbuch",37
"Gesellschafterbuch, Mitgliederverzeichnis, Mitgliedsbuch",37
"Buch für die Schuldverschreibungen, Buch über die Schuldverschreibungen",2
Umdeutung,4
Bilanz,156
Rechnungsbücher,6
Einnahme,70
immaterielles Anlagevermögen,3
"Aufwendungen, Ausgaben, Auslagen, Kosten",7428
"Aufwendungen, Ausgaben, Auslagen, Kosten",7428
"Aufwendungen, Ausgaben, Auslagen, Kosten",7428
"Aufwendungen, Ausgaben, Auslagen, Kosten",7428
Marke,42
Sachanlagevermögen,2
Finanzanlagevermögen,3
"Einkommenssteuer der natürlichen Personen, Einkommensteuer der natürlichen Personen, IRPEF, Steuer auf das Einkommen der natürlichen Personen",22
"Mehrwertsteuer, MwSt.",302
"Mehrwertsteuer, MwSt.",302
"Eigenkapital, Reinvermögen",29
"Eigenkapital, Reinvermögen",29
"Aktiva, Aktivseite, Aktivstand, Aktivvermögen",61
"Aktiva, Aktivseite, Aktivstand, Aktivvermögen",61
"Aktiva, Aktivseite, Aktivstand, Aktivvermögen",61
"Passiva, Passiven, Passivseite, Passivstand",156
"Passiva, Passiven, Passivseite, Passivstand",156
"Scheckbürgschaft, Wechselbürgschaft",2
Gutschrift,19
"Herstellungskosten, Produktionskosten",25
Erbschaftssteuer,3
Mehrwert,13
"Währung, die im Inland gilt, gesetzlicher Kurs, im Inland geltende Währung, inländische Währung",0
"Währung, die im Inland gilt, gesetzlicher Kurs, im Inland geltende Währung, inländische Währung",0
nacktes Eigentum,0
"Erhöhung des Kapitals, Kapitalerhöhung",48
überflüssiges Kapital,0
Umwandlung,334
übernehmende Gesellschaft,4
gerichtlicher Schutz,1
"Vollstreckungsverfahren, Zwangsvollstreckungsverfahren",26
Urlaub,286
gleitende Arbeitszeit,8
Feiertagsarbeit,4
"Besoldung, Gehalt",591
"Beteiligung am Gewinn, Gewinnbeteiligung",24
"Beteiligung am Gewinn, Gewinnbeteiligung",24
"Gehaltsstreifen, Lohnstreifen, Lohntüte",13
"Gehaltsstreifen, Lohnstreifen, Lohntüte",13
"Gehaltsstreifen, Lohnstreifen, Lohntüte",13
"Wählerliste, Wählerverzeichnis",40
"Praktikum, Stage",308
"Abschlussbilanz, Abschlussrechnung, Jahresabrechnung, Jahresabschluss, Jahresabschlussrechnung, Rechnungslegung",712
"Abschlussbilanz, Abschlussrechnung, Jahresabrechnung, Jahresabschluss, Jahresabschlussrechnung, Rechnungslegung",712
Sicherungsbeschlagnahme,3
"Auftragnehmer, Unternehmer, Werkunternehmer",707
"Auftragnehmer, Unternehmer, Werkunternehmer",707
"Auftragnehmer, Unternehmer, Werkunternehmer",707
"Alleinverwalter, alleiniger Verwalter",4
"Geschäfte der ordentlichen Verwaltung, Rechtshandlungen der ordentlichen Verwaltung",4
Mitgliederversammlung,107
"Anvertrauung der Minderjährigen, Fremdunterbringung, Überlassung eines Minderjährigen zur Betreuung",3
"Anvertrauung der Minderjährigen, Fremdunterbringung, Überlassung eines Minderjährigen zur Betreuung",3
Güter,1193
"Lehre, Lehrlingausbildung",108
"Aufsichtsbeschwerde, hierarchischer Rekurs",20
öffentlich-rechtlicher Vertrag,0
Transparenz der Verwaltungstätigkeit,4
Gerichtssprengel,7
"Geschäfte für die Gesellschaft, Handlungen für die Gesellschaft",3
Arbeit,1304
"Eigenschaft als Gesellschafter, Gesellschafterstellung",4
"Eigenschaft als Gesellschafter, Gesellschafterstellung",4
Untauglichkeit,30
abgeleitete Firma,0
Verlust am Gesellschaftskapital,1
Komplementär,4
Ausgabe,832
Beauftragter,68
Einheitsgründung,1
vorläufige Bescheinigung,0
Vertragsfloskel,0
Aufnahme der Beweismittel im Beweissicherungsverfahren,1
"Flucht, fluchtbedingte Unauffindbarkeit",13
stattgebendes Urteil,0
"Sicherungsmaßnahme, Sicherungsmaßnahmen, Sicherungsmaßregel, persönliche Sicherungsmaßnahme, persönliche Sicherungsmaßregel",179
"Sicherungsmaßnahme, Sicherungsmaßnahmen, Sicherungsmaßregel, persönliche Sicherungsmaßnahme, persönliche Sicherungsmaßregel",179
"Sicherungsmaßnahme, Sicherungsmaßnahmen, Sicherungsmaßregel, persönliche Sicherungsmaßnahme, persönliche Sicherungsmaßregel",179
zurechnungsfähig,5
Willensfähigkeit,0
Vormundschaft,53
"Verteidigungseingabe, Verteidigungsschrift",3
"Verteidigungseingabe, Verteidigungsschrift",3
gewerbsmäßiger Verbrecher,0
Hangverbrecher,2
"Gefängnis, Gefängnisstrafe",108
Geldbuße,864
lebenslange Gefängnisstrafe,6
außergerichtliches Geständnis,1
"Ausschluss von öffentlichen Ämtern, Verbot der Ausübung öffentlicher Ämter, Verbot der Bekleidung öffentlicher Ämter",11
"Verwirkung der elterlichen Gewalt, Verwirkung der elterlichen Gewalt über die Kinder",2
"Stiftungsakt, Stiftungsurkunde",6
"Stiftungsakt, Stiftungsurkunde",6
Bestimmung der Strafe,3
"Ausschlussfrist, Fallfrist, Verfallsfrist",232
Schuldindiz,0
"Vollstreckungsgericht, Vollstreckungsrichter",15
"Amtsakte, Gerichtsakte",30
"Amtssachverständiger, Gerichtssachverständiger, Sachverständiger",50
"Amtssachverständiger, Gerichtssachverständiger, Sachverständiger",50
Miteigentümer,104
Erbgemeinschaft,1
"Beförderung, Beförderungsvertrag",267
Autonomie,232
"Delegierung, Delegierung von Befugnissen",53
Richtlinie,420
"Angestellter des öffentlichen Dienstes, Angestellter im öffentlichen Dienst, öffentlicher Angestellter",0
"Angestellter des öffentlichen Dienstes, Angestellter im öffentlichen Dienst, öffentlicher Angestellter",0
"Verwaltungsbeschwerde, Verwaltungsrekurs",12
"Verwaltungsbeschwerde, Verwaltungsrekurs",12
Hilfeleistung,24
"Ermittlungsphase, Ermittlungsverfahren, Sachverhaltsermittlung",49
"Ermittlungsphase, Ermittlungsverfahren, Sachverhaltsermittlung",49
"Ermittlungsphase, Ermittlungsverfahren, Sachverhaltsermittlung",49
"im Einvernehmen, unter Mitwirkung",684
"Inhaber des Überbaurechts, Überbauberechtigter",0
"Inhaber des Überbaurechts, Überbauberechtigter",0
"UVS, Umweltverträglichkeitsstudie",23
Meldepflicht,18
Ehegütervertrag,1
Vertraulichkeit,39
Wandelschuldverschreibung,0
"Aktiva der Erbschaft, Aktiva des Nachlasses, Aktivastand der Erbschaft",0
Personalausweis,16
Abänderungsantrag,3
"Gesetzgebungsperiode, Legislatur, Legislaturperiode",129
"Gesetzgebungsperiode, Legislatur, Legislaturperiode",129
"Gesetzgebungsperiode, Legislatur, Legislaturperiode",129
"Bescheinigung über die Erbnachfolge, Erbschein",13
"Bescheinigung über die Erbnachfolge, Erbschein",13
"Gesetzentwurf, Gesetzesvorschlag",130
"Gesetzentwurf, Gesetzesvorschlag",130
Zwangsvollstreckung,35
"Bilanzgesetz, Haushaltsgesetz",24
"Bilanzgesetz, Haushaltsgesetz",24
"nichtiger Stimmzettel, ungültiger Stimmzettel",0
"Geheimhaltung der Stimme, Geheimhaltung der Wahl, Wahlgeheimnis, geheime Stimmabgabe",15
"Geheimhaltung der Stimme, Geheimhaltung der Wahl, Wahlgeheimnis, geheime Stimmabgabe",15
"Geheimhaltung der Stimme, Geheimhaltung der Wahl, Wahlgeheimnis, geheime Stimmabgabe",15
"Geheimhaltung der Stimme, Geheimhaltung der Wahl, Wahlgeheimnis, geheime Stimmabgabe",15
"Auszug aus der Katastermappe, Katasterplanauszug",2
Heiratsurkunde,16
"Blutschande, Inzest",3
"Eheband, eheliche Bindung",2
"Eheband, eheliche Bindung",2
"Witwenschaft, Witwenstand, Witwerstand",0
minderjähriges Kind,3
"eheähnliche Beziehung, eheähnliche Lebensgemeinschaft, nichteheliche Lebensgemeinschaft",0
abschreibungsfähiges Gut,0
Verfassungsmäßigkeit,23
zinslos,2
Prüfungsgesellschaft,8
"Ermächtigung, Verwaltungsbewilligung, Verwaltungsermächtigung, Verwaltungsgenehmigung, behördliche Erlaubnis",1403
"Ermächtigung, Verwaltungsbewilligung, Verwaltungsermächtigung, Verwaltungsgenehmigung, behördliche Erlaubnis",1403
"Ermächtigung, Verwaltungsbewilligung, Verwaltungsermächtigung, Verwaltungsgenehmigung, behördliche Erlaubnis",1403
Trennung der Rechtsstreitigkeiten,0
Übernahme,352
Unabhängigkeit des Richters,0
"Spruchkörper, richterlicher Senat",1
"de facto-Gesellschaft, faktische Gesellschaft",2
staatliches Monopol,0
Wertpapiergesellschaft,0
"gesetzlicher Richter, ordentlicher, durch Gesetz vorbestimmter Richter",0
Zwangsveräußerung,52
Personengesellschaft,7
"Aufnahme, Übernahme",1553
"Aufnahme, Übernahme",1553
faktischer Verwalter,0
"Bericht über die Schätzung des Gesellschaftsvermögens, Schätzungsbericht",3
Spaltungsplan,3
"Missbrauch der Amtsgewalt, Missbrauch einer Gewaltbefugnis",0
Täter,4
straflose Vortat,0
Unterschlagung,9
"Vereinigung, kriminelle Vereinigung",249
mafiaartige Vereinigung,0
Gehilfe,8
"Selbstbezichtigung, falsche Selbstanschuldigung",0
Mittäter,0
betrügerischer Bankrott,1
Bankrott,4
geschütztes Rechtsgut,0
"Gerichtskanzlei, Kanzlei",175
"Gerichtskanzlei, Kanzlei",175
Einsichtsfähigkeit,0
kumulative Kausalität,0
hypothetische Kausalität,0
Kausalzusammenhang,3
erschwerender Umstand,1
Gleichwertigkeitsklausel,0
Scheinkonkurrenz,0
"gleichartige Idealkonkurrenz, gleichartige Tateinheit",0
"Idealkonkurrenz, Tateinheit",6
"Idealkonkurrenz, Tateinheit",6
ungleichartige Tatmehrheit,0
gleichartige Tatmehrheit,0
Tatmehrheit,0
Gegenüberstellung,16
Gewährenlassen,0
Antragsdelikt,0
fahrlässiges Verbrechen,0
"Versuch des Verbrechens, versuchte Straftat, versuchte strafbare Handlung, versuchtes Verbrechen",0
"Versuch des Verbrechens, versuchte Straftat, versuchte strafbare Handlung, versuchtes Verbrechen",0
"Versuch des Verbrechens, versuchte Straftat, versuchte strafbare Handlung, versuchtes Verbrechen",0
Erklärung,1517
direkte Vernehmung,2
Konkursgläubiger,0
"Falschbeurkundung, mittelbare Falschbeurkundung",0
"Falschbeurkundung, mittelbare Falschbeurkundung",0
objektiver Tatbestand,0
"Diebstahl zum kurzfristigen Gebrauch, Gebrauchsdiebstahl",0
"Einstandspflicht, Garantenpflicht",0
erkennendes Gericht,0
Tatsacheninstanz,0
Gericht erster Instanz,5
Richter für die Vorerhebungen,12
Begnadigung,3
Unkenntnis des Strafgesetzes,0
Unvorsichtigkeit,6
untauglich,13
"ausdehnende Auslegung, erweiternde Interpretation, extensive Interpretation",0
"wörtliche Auslegung, wörtliche Interpretation",0
"Ausschluss der Rückwirkung, Rückwirkungsverbot",0
"Anstiftung, Aufforderung",435
"Anstiftung, Aufforderung",435
erlaubt,508
"gesetzesmäßig, gesetzlich, gesetzmäßig",415
"gesetzesmäßig, gesetzlich, gesetzmäßig",415
"gesetzesmäßig, gesetzlich, gesetzmäßig",415
milderes Gesetz,0
rechtmäßig,108
bedingte Entlassung,2
Maßnahme,1216
Beweggrund,13
"Angriff, Verletzung",315
"Angriff, Verletzung",315
"Körperverletzung mit Todesfolge, präterintentionale Tötung",0
unterlassene Hilfeleistung,0
"Gesellschaftsorgan, Organ der Gesellschaft",0
Amtsunterschlagung,6
"Strafrahmen, angedrohte Strafe",3
"bedingte Aussetzung der Strafe, bedingte Strafaussetzung",1
"bedingte Aussetzung der Strafe, bedingte Strafaussetzung",1
Reue,1
Vorbedacht,0
Unschuldsvermutung,0
Grundsatz der Unmittelbarkeit,0
Grundsatz der Erforschung der materiellen Wahrheit,0
Bestimmtheitsgrundsatz,2
Grundsatz der Öffentlichkeit,0
Grundsatz,133
Provokation,0
unechtes Unterlassungsdelikt,0
Begehungsdelikt,0
Allgemeindelikt,0
Erfolgsdelikt,0
vollendete strafbare Handlung,0
fortgesetzte strafbare Handlung,4
"Handlungsgegenstand, Tatobjekt",0
tätige Reue,0
Rückfälliger,0
Diebesgut,0
Schlägerei,0
Freiheitsberaubung,0
System der Zweispurigkeit,0
Aufenthaltsgebot,0
Aufenthalt,184
Unterordnung,6
beendeter Versuch,0
fehlgeschlagener Versuch,0
unbeendeter Versuch,0
Versuchsstadium,0
"Bedingungstheorie, Äquivalenztheorie",0
"Bedingungstheorie, Äquivalenztheorie",0
Tatbestandsmäßigkeit,0
Wucher,1
"Beschimpfung, Herabwürdigung",2
Recycling,8
Arbeitslosengeld,9
Fähigkeit zur Adoption,1
an der Börse notierte Aktie,0
Fund,6
Amtsmissbrauch,1
Amtsanmaßung,0
gutgläubiger Besitzer,2
Sicherungsverfahren,14
"Vernichtung, Zerstörung",102
"Vernichtung, Zerstörung",102
Stillschweigen,19
Selbstbehalt,1
Widerruf,749
Führerschein,214
Wiedergutmachung wegen ungerechtfertigter Haft,2
Konsensquorum,0
"Bücher, Rechnungsunterlagen",213
"Bücher, Rechnungsunterlagen",213
subjektiver Tatbestand,0
Einlassung der Zivilpartei,10
Leiharbeit,4
"Leiharbeiter, Leihkraft",2
Vorzugsrecht,108
vereinfachte Buchführung,2
doppelte Buchführung,0
Frachtgeld,0
Einzelunternehmer,15
zusammengesetzte strafbare Handlung,0
Konkurseröffnungsurteil,7
Wahlbefugnis,5
"Kollektivverhandlungen, Kollektivvertragsverhandlungen",56
"Kollektivverhandlungen, Kollektivvertragsverhandlungen",56
Überstundenarbeit,9
Gesamtrechtsnachfolger,1
Erbschaftsvermögen,1
Vermächtnis einer bestimmten Sache,0
Telearbeit,19
"Banküberweisung, Überweisung",104
"unterhaltsberechtigtes Familienmitglied, zu Lasten lebender Familienangehöriger",3
Liquidation der Gesellschaft,2
Redlichkeit,6
"Erfüllungsort, Ort der Erfüllung",2
"Erfüllungsort, Ort der Erfüllung",2
Erfüllungszeit,1
"Wohnrecht, Wohnungsrecht",32
"Wohnrecht, Wohnungsrecht",32
anerkannter Verein,2
Gewerkschaftsfreiheit,4
formpflichtiges Rechtsgeschäft,0
formfreies Rechtsgeschäft,0
Rechtsverhältnis,23
"Stellvertreter, Vertreter",1743
höchstpersönliches Rechtsgeschäft,0
Unerlaubtheit,6
Verschmelzung durch Aufnahme,4
Vertreter ohne Vertretungsmacht,1
übernehmende Gesellschaft,4
"Durchfahrtsrecht, Durchgangsrecht, Wegerecht",9
aus der Verschmelzung hervorgehende Gesellschaft,2
Rechtserwerb,0
"Beschluss zur Umwandlung, Umwandlungsbeschluss",2
Haftung der Gesellschafter,2
Vertragszinsen,0
Zahlungsanweisung,21
Gesamtvertretung,0
Holding,0
"Exekutive, Vollzugsgewalt",9
Zahlungsfähigkeit,9
"Obligation, Schuldverschreibung",3
"Obligation, Schuldverschreibung",3
noch nicht eingelöste Aktie,0
Großaktionär,0
Einigung der Parteien,4
Finanzholding,0
Formpflicht ad probationem,0
Bedingung,341
Kausalbedingung,0
Arglist,34
"Endtermin, letzter Tag",12
Bar- oder Sacheinlagen,0
Anteilschein,0
Nichtigkeit,229
"Maßnahme, Verwaltungsbescheid, Verwaltungsmaßnahme",1299
"abschließende Maßnahme, abschließende Verwaltungsmaßnahme, abschließender Verwaltungsakt, endgültige Maßnahme",42
Verwaltungsrechte,5
gesetzlicher Zinssatz,0
"Rechtssubjekt, Rechtsträger",280
"Rechtssubjekt, Rechtsträger",280
"StVO, Straßenverkehrsordnung",133
gemeinnützige Arbeit,4
"Annullierung, Aufhebung",419
Grenzen,537
"Befreiungsvermächtnis, Vermächtnis der Befreiung von einer Schuld",0
Volljährigkeit,39
Vertretener,0
Generalvollmacht,2
Verfahrensfehler,0
Stimmrecht,197
Gratisaktie,0
"Eheschließung, Heirat, Trauung",146
"Eheschließung, Heirat, Trauung",146
"Eheschließung, Heirat, Trauung",146
"vertretbare Sache, vertretbares Gut",1
Handlung,313
Gesamtschuld,10
"Gesamtschuld, Gesamtschuldverhältnis",12
vertragliche Haftung,0
Konkursgericht,2
Löschungsquittung,0
"Willenserklärung, Willensäußerung",21
Aufgeld,6
"Erfordernisse des Vertrages, wesentliche Vertragsbestandteile",1
neuer Antrag,8
"vertragliches Vorkaufsrecht, vertragliches Vormietrecht, vertragliches Vorzugsrecht",0
Leasinggeber,6
Genossenschaft,315
"Schuldverhältnis, Verbindlichkeit, Verpflichtung",663
"Schuldverhältnis, Verbindlichkeit, Verpflichtung",663
Nennwert,43
zugelassene Forderung,0
Rücklage,44
gemeinsame Absicht der Parteien,1
vertraglich festgesetztes Veräußerungsverbot,0
vorgeschobene Person,18
Irrtum über den Tatumstand,1
"Sozialpartner, Tarifpartner",44
"Sozialpartner, Tarifpartner",44
"Schuld, Verschulden",263
Vorsatz,30
"Einwilligung nach Aufklärung, informierte Einwilligung",7
Volljähriger,9
Fortpflanzungsfähigkeit,0
Pflicht zur Treue,1
"Minderjähriger, minderjährige Person",66
"Minderjähriger, minderjährige Person",66
Rate,139
Personenstandsregister,7
Heimfall,14
Verhandlungen,131
direktes Leasing,0
Kommunalleasing,0
"Konsumkredit, Verbraucherkredit",0
"TAEG, jährlicher effektiver Globalzinssatz",0
"Konsumentenschutzverein, Verbraucherorganisation, Verbraucherverband",0
Geldgeber,6
Ausübung der Kaufoption,1
Grundsatz der Gesetzmäßigkeit,0
"Fortbildung, Weiterbildung, berufliche Fortbildung, berufliche Weiterbildung",957
"Fortbildung, Weiterbildung, berufliche Fortbildung, berufliche Weiterbildung",957
Beschimpfung von Gräbern,0
"Leasing, Leasingvertrag",95
wirtschaftliches Gut,0
"Revolving-Kredit, Revolvingkredit",0
Ausschlagung der Erbschaft,7
"wöchentliche Arbeitsruhe, wöchentlicher Ruhetag",2
"begünstigtes Darlehen, gefördertes Darlehen",4
"Benutzungsrecht, Gebrauch, Gebrauchsrecht, Recht zum Gebrauch",552
"Benutzungsrecht, Gebrauch, Gebrauchsrecht, Recht zum Gebrauch",552
"Benutzungsrecht, Gebrauch, Gebrauchsrecht, Recht zum Gebrauch",552
Strand,1
Versprechender,0
Treue,2
Zeuge,14
Zusammenleben,42
Pseudonym,2
Erblasser,130
Termineinlage,0
"Abhebung, Behebung",121
Bankgeschäft in Form des Kontokorrents,0
Sollkonto,0
Scheckheft,0
Wertpapierbörse,0
Kreditversicherung,0
versichertes Risiko,0
Erlebensversicherung,0
Versicherungswert,3
"Beförderung von Personen, Personenbeförderung",93
"Beförderung von Personen, Personenbeförderung",93
Mutwilligkeit,1
fehlerhafter Besitz,1
"Gemeindenverbund, Gemeindenzusammenschluss",6
Einrichtung,1248
"13. Monatslohn, dreizehnter Monatslohn, dreizehntes Monatsgehalt",9
"13. Monatslohn, dreizehnter Monatslohn, dreizehntes Monatsgehalt",9
"Abschluss eines Vertrags, Zustandekommen des Vertrags",1
Devisenswap,0
Cash and Carry,0
Kurs,214
Familienberatungsstelle,7
Mehrheitswahlsystem,0
Verhältniswahlsystem,3
Grundsatz des Vertrauensschutzes,2
"Gemeinderatswahlen, Gemeindewahlen",71
Luftfrachtvertrag,0
ständige Kommission,3
"Gesetzgebung, gesetzgebende Tätigkeit",281
"Gesetzgebung, gesetzgebende Tätigkeit",281
Wahlamt,79
Wahlschein,3
Wahlkampagne,8
Gewaltenteilung,2
grüne Karte,0
technische Regierung,0
"Arbeitsbestätigung, Arbeitszeugnis, Dienstzeugnis",4
"Arbeitsbestätigung, Arbeitszeugnis, Dienstzeugnis",4
"Arbeitsbestätigung, Arbeitszeugnis, Dienstzeugnis",4
Mitteilung,1194
Selbstbeteiligung,3
Wert der versicherten Sache,3
rückwirkend,32
rechtswirksamer Verwaltungsakt,0
erhoffter Gewinn,0
"gewerbliche Güterbeförderung, gewerblicher Güterkraftverkehr",2
"gewerbliche Güterbeförderung, gewerblicher Güterkraftverkehr",2
Versicherungsdauer,1
"Ersatzpflicht, Schadenersatzpflicht",1
Diensteanbieter,0
Nutzer,290
"Schadenanzeige, Schadenmeldung, Schadensanzeige, Schadensmeldung",7
"Schadenanzeige, Schadenmeldung, Schadensanzeige, Schadensmeldung",7
Wiedereinsetzung in den vorigen Stand,10
nichtig,285
Generalpolice,0
Versicherungsbroker,2
Risiko,240
Versicherung auf Erstes Risiko,0
Sammel-Verwaltungsakt,0
besondere Bedingungen,4
"Geschädigter, durch die strafbare Handlung Geschädigter",4
Veräußerungsvertrag,1
Übergabe der Sache,4
faires Verfahren,0
Essensgutschein,8
Abstellung,23
"Pensionierung, Versetzung in den Ruhestand",38
"Pensionierung, Versetzung in den Ruhestand",38
"Parteienvernehmung, förmliche Vernehmung",2
"Konzessionär, Vertragshändler",163
laufendes Jahr,0
laufender Monat,0
"rechtswidrig, unrechtmäßig",74
Sichteinlage,0
"CIE, EIK, elektronische Identitätskarte, elektronischer Personalausweis",7
Interesse der Allgemeinheit,19
kleine Ausbesserungen,1
notwendige Ausbesserungen,1
Präsenzquorum,0
Wertpapier,18
"Berichtigung, Richtigstellung",121
Darlehensversprechen,1
Schuldverschreibung,3
Erkennungsausweis,52
Entgelt,205
Zwangsräumung,17
Pannendienst,2
Trödler,0
nichtiger Verwaltungsakt,0
Erziehungsrecht,1
Analogie zugunsten des Täters,0
Handlung,313
"Führung, Tat",1651
Verfahrenspartei,1
"Hinterlegung, Verwahrung",635
"Hinterlegung, Verwahrung",635
Kernfamilie,58
Unterhaltsberechtigter,0
Notlage,45
parlamentarische Immunität,0
Leasinggesellschaft,25
"beiderseitiger Scheidungsantrag, gemeinsamer Antrag auf Ehescheidung, gemeinsamer Antrag auf einverständliche Ehescheidung, gemeinsamer Scheidungsantrag",0
eheliche Rechte und Pflichten,1
eheliche Wohnung,2
verwaltungsgerichtliches Verfahren,0
Ablehnungserklärung,10
aktive Rechtsposition,0
land- und forstwirtschaftliche Tätigkeit,0
relative Immunität,0
gerichtliche Feststellung der Vaterschaft,6
leiblicher Vater,0
Zustellungsbericht,12
medizinisch unterstützte Fortpflanzung,0
Verwaltungstätigkeit,119
adoptierende Ehegatten,0
Erlöschen des Verfahrens,23
Unabhängigkeit des Staates,1
Verbindung,412
feindselige Handlung,0
leibliche Mutter,0
Einheit des Staates,0
"Staatshoheit, oberste Staatsgewalt",3
militärische Operation,0
militärische Spionage,0
"endgültige Entscheidung, endgültiges Urteil",26
gewerbliches Verfahren,0
Staatsgeschäft,0
Verschlechterungsverbot,3
Anschlag,49
militärische Disziplin,0
Druckwerk,0
Begründungspflicht,2
Teilnehmer,234
Tonaufnahme,6
Tonbildaufnahme,2
"Öffentlichkeit der Hauptverhandlung, Öffentlichkeit der Verhandlung",1
Einmalprämie,0
Unverletzlichkeit der persönlichen Freiheit,0
Ausübung der politischen Rechte,1
ausländischer Staat,4
Anführer,0
Verteidigung im Strafverfahren,0
"Antragsteller, antragstellende Partei",830
Zulassung zu den öffentlichen Ämtern,3
Organ der Verwaltungsgerichtsbarkeit,3
Beistand eines Dolmetschers,0
"irreparabler Nachteil, nicht wiedergutzumachende Beeinträchtigung, nicht wiedergutzumachender Nachteil",0
Obligationsdarlehen,2
Zustellungsbevollmächtigter,0
Einrichtung der direkten Demokratie,0
"mittelbare Demokratie, repräsentative Demokratie",12
Beurkundung,19
heimtückisches Mittel,0
Gift,4
Vollstreckungshandlung,1
"Offenbarung von Amtsgeheimnissen, Verletzung des Amtsgeheimnisses",3
Widerstand gegen eine Amtsperson,0
"Einwohnerregister, Melderegister, Register der ansässigen Bevölkerung",17
"Einwohnerregister, Melderegister, Register der ansässigen Bevölkerung",17
"Nutzung von Amtsgeheimnissen, Verletzung des Amtsgeheimnisses, Verwertung von Amtsgeheimnissen",4
Standesamt,3
"Katastrophe, allgemeine Katastrophe, öffentliches Unglück",12
Amtshandlung,16
Gehorsam,1
mehrere Personen gemeinschaftlich,0
Volksbegehren,51
leichte Körperverletzung,0
"Erkrankung, Krankheit",354
Führerscheinentzug,12
"Behinderung der Sprache, Schädigung der Sprache",0
"Behinderung der Sprache, Schädigung der Sprache",0
"Unterlassung der Anzeige, Unterlassung der Berichterstattung, Unterlassung einer Anzeige",0
Beweisaufnahme,41
unheilbare Krankheit,0
Gewalt gegen Sachen,0
Abnahme des Fahrzeugscheins,0
"Alkohol am Steuer, Trunkenheit am Steuer",2
Fahrzeugschein,9
falsche Zeugenaussage,1
Alkomat,0
öffentliche Dienstbarkeit,0
Liste der Amtssachverständigen,5
"ABS, Antiblockiersystem",441
Kraftfahrzeugsteuer,76
Führerscheinkategorie,0
Vermögen des Staates,17
Pflichtversicherungsschein,0
"Autohaftpflichtversicherung, Autohaftpflichtversicherungsvertrag",0
"Autohaftpflichtversicherung, Autohaftpflichtversicherungsvertrag",0
zentrales Fahrzeugarchiv,1
zentrales Register der Führerscheininhaber,1
Schutzhelm,15
Fußgänger,45
"Fahrübungsschein, provisorische Fahrerlaubnis",5
"Fahrübungsschein, provisorische Fahrerlaubnis",5
Sklave,0
Verstoß,298
"Fahrer, Fahrzeuglenker",409
"Pflichteinstellung, Pflichtvermittlung, obligatorische Arbeitsvermittlung",19
"Pflichteinstellung, Pflichtvermittlung, obligatorische Arbeitsvermittlung",19
"Dienstsitz, ordentlicher Dienstsitz",117
"Dienstsitz, ordentlicher Dienstsitz",117
Dienstwohnung,46
Fußgängerzone,1
"Computerkriminalität, Cybercrime",1
"Computerkriminalität, Cybercrime",1
"Telekommunikationsanlage, Telekommunikationssystem",0
"Fußgängerübergang, Fußgängerüberweg",6
"Fußgängerübergang, Fußgängerüberweg",6
ampelgeregelter Fußgängerüberweg,0
Computerdelikt,0
"internationale Fahrerlaubnis, internationaler Führerschein",5
Fahrtauglichkeit,7
Abwesenheit wegen Krankheit,36
"Straßenverkehr, Verkehr",652
"Straßenverkehr, Verkehr",652
"Einbahn, Fahrbahn mit Einbahnverkehr",6
"Notspur, Pannenstreifen",15
"Notspur, Pannenstreifen",15
Fahrstreifen für den durchgehenden Verkehr,8
"Fahrbahnteiler, Verkehrstrennungsinsel",7
Bahnübergang,7
halbbeschrankter Bahnübergang,0
beschrankter Bahnübergang,0
Gehsteig,14
Gehweg,2
höhenfreie Kreuzung,2
"Mittelinsel, Schutzinsel",2
Einbahnstraße,1
"Ausgabe von Falschgeld, Ausgeben von Falschgeld",0
unbeschrankter Bahnübergang,0
Straßengrenze,12
Stempelabdruck einer öffentlichen Beglaubigung,0
Straße,281
Straßeneigentümer,66
angetrunkener Zustand,0
Saumpfad,2
Bahnkörper,5
Gegenverkehrsfahrbahn,1
Gemeindestraße,7
öffentliche Ordnung,19
Bereitschaftsdienst,85
"Beschilderung, Straßenbeschilderung, Verkehrszeichen und -einrichtungen",111
"Beschilderung, Straßenbeschilderung, Verkehrszeichen und -einrichtungen",111
"falsche Angabe, unrichtige Angabe, unwahre Angabe, unwahre Erklärung",0
bezahlter Sonderurlaub,5
Parken,61
Anhalten,66
Klassifizierung der Straßen,10
"Angeklagter, Beschuldigter",7
"Angeklagter, Beschuldigter",7
"Eignung, Tauglichkeit",607
Kaution,324
schwerwiegende Schuldindizien,0
"Zuweisung eines Zwangsaufenthalts, Zwangsaufenthalt",2
"Pflicht zur Meldung bei der Gerichtspolizei, Verpflichtung, sich bei der Gerichtspolizei zu melden",2
Amtsgutachten,8
Urkundenbeweis,2
Eigentumsbescheinigung,3
Verunreinigung,83
Zulassungsbescheinigung des Herkunftsstaates,1
"Unterscheidungszeichen des Herkunftsstaates, Unterscheidungszeichen des Zulassungsstaates",1
Wiederholungskennzeichen,3
"Rechtskraft, rechtskräftige Entscheidung",57
"Rechtskraft, rechtskräftige Entscheidung",57
Strafrechtspflege,0
Vollstreckungsbefehl,2
Wiederaufnahme,181
Berufungskläger,7
aufschiebende Wirkung,7
"Erneuerung des Beweisverfahrens in der Hauptverhandlung, Neudurchführung der Hauptverhandlung zur Aufnahme der für die Entscheidung erheblichen Beweise",1
"Erneuerung des Beweisverfahrens in der Hauptverhandlung, Neudurchführung der Hauptverhandlung zur Aufnahme der für die Entscheidung erheblichen Beweise",1
berechtigte Verhinderung,1
"Gewährung der Verfahrenshilfe, Zulassung zum kostenlosen Rechtsbeistand",0
"Eröffnung der Hauptverhandlung, Eröffnung der Verhandlung",8
Beweisaufnahme,41
Mitangeklagter,0
Strafbefehl,24
Urteilsfällung,3
Erörterung,105
Urteilsspruch,22
Hauptverfahren,39
als freie Person,1
Widerspruch,367
Zwischenstreitfrage,1
Einleitung des Hauptverfahrens,22
auf Verurteilung lautendes Urteil,9
Urteil auf Unzulässigkeit des Verfahrens,2
Aussetzung des Verfahrens,21
Freilandstraße,4
Bioabfall,0
Organisationsakt,1
Fahrzeugbescheinigung,12
Nachtrag im Fahrzeugschein,1
"Angehaltener, Verhafteter",0
"Anklage, Strafverfolgung",36
"Anklage, Strafverfolgung",36
"Archivierungsdekret, Dekret auf Archivierung",2
Verteidiger der verletzten Person,1
"Feststellung der Identität der Person, Identifizierung der Person",9
"Feststellung der Identität der Person, Identifizierung der Person",9
"Anklage, Anklagesatz",24
Erhebung,332
Vorerhebungen,57
"Verdächtiger, eines Verbrechens verdächtigte Person",0
"Ansuchen um Strafverfolgung, Strafantrag",14
"Ansuchen um Strafverfolgung, Strafantrag",14
"Person, die über den Sachverhalt Bescheid weiß",0
Vorfahrt,22
"Invalidengeld, ordentliches Invalidengeld",0
"Invalidengeld, ordentliches Invalidengeld",0
Vermietung ohne Fahrer,3
"Kandidatenliste, Wahlwerberliste",24
"Fahrlehrer, Praxis-Fahrschullehrer, Praxisfahrlehrer",15
"Führerscheinanwärter, Führerscheinbewerber",2
Probeabmachung,2
Ausdehnung der Führerscheingültigkeit,1
Verkehrsschild,1
Gefahrenzeichen,2
Vorschriftszeichen,2
Hinweiszeichen,5
Bodenmarkierung,6
"manuelle Arbeit, manuelle Arbeitsleistung, manuelle Tätigkeit",3
"manuelle Arbeit, manuelle Arbeitsleistung, manuelle Tätigkeit",3
"manuelle Arbeit, manuelle Arbeitsleistung, manuelle Tätigkeit",3
Landarbeiter,16
"zeitweilige Dienstenthebung, zeitweilige Enthebung vom Dienst",28
"zeitweilige Dienstenthebung, zeitweilige Enthebung vom Dienst",28
"Stimmenzähler, Stimmzähler",113
"Stimmenzähler, Stimmzähler",113
stationäre Betreuung,3
"Feiertag, Feiertag, der auf einen Werktag fällt",28
Ausgleichsruhetag,2
Listengruppierung,0
"Privatrechtssubjekt, privater Rechtsträger, privates Rechtssubjekt, privatrechtliches Rechtssubjekt",6
Abfertigung,195
"Kandidat, Wahlwerber",235
"gerichtliche Schlichtung, gerichtlicher Vergleich",0
Arbeitnehmer aus Nicht-EU-Ländern,0
abgestellter Arbeitnehmer,0
"Allgemeinmediziner, Arzt für Allgemeinmedizin, Hausarzt, Vertrauensarzt",115
"Allgemeinmediziner, Arzt für Allgemeinmedizin, Hausarzt, Vertrauensarzt",115
"Dienst für Betreuungskontinuität, ärztlicher Bereitschaftsdienst",3
privates Gewässer,0
Amtsblatt,918
Fließband,0
Wahrung des Betriebsgeheimnisses,1
angemessene Entlohnung,0
Stückakkord,0
"Stimmzettel, Wahlzettel",425
Zweckbestimmung,531
"Teilnehmer, Vertragnehmer",264
Mietfahrzeug mit Fahrer,5
Alkoholgehalt,19
Führerscheinneuling,0
Kreditrisiko,2
Investmentgesellschaft,0
Anteilserwerb,0
unabhängiger Verwalter,0
verfassunggebende Versammlung,7
Schiedsvereinbarung,2
Gesetz der Verfassungsrevision,0
"Verteidigungshandlung, Verteidigungsschrift, Verteidigungsvorbringen",9
"Verteidigungshandlung, Verteidigungsschrift, Verteidigungsvorbringen",9
Geisteskrankheit,23
Ladung,92
Mitglied des Aufsichtsrats,1
Schutz der Wohnung,0
"Auferlegung der Kosten, Verurteilung zur Tragung der Kosten",2
geregelter Markt,0
Einbürgerung,0
Volksbank,0
Säumnis,19
"Risikokapital, Wagniskapital",3
Übertragung von Beteiligungen,1
Anknüpfungskriterium,0
Bestellung des Geschäftsführers,0
Leistungsaufforderung,10
Sachwalterschaft,29
Verwahrer,159
alleinige Obsorge,0
Einelternfamilie,0
Persönlichkeitsrecht,1
"Ehegatte, Ehegattin",170
"Berufung an den Kassationsgerichtshof, Kassationsbeschwerde",50
"Berufung an den Kassationsgerichtshof, Kassationsbeschwerde",50
"Ausschlussfrist, Fallfrist, Verfallsfrist",232
Verfahrensfrist,1
gesetzliche Frist,2
"Eid, Eidesleistung",58
"Eid, Eidesleistung",58
Entziehung,37
petitorisches Verfahren,1
"Miteigentumsgemeinschaft, Miteigentümergemeinschaft",55
gerichtlicher Augenschein,1
"KV, Kollektivarbeitsvertrag, Kollektivvertrag",276
"KV, Kollektivarbeitsvertrag, Kollektivvertrag",276
"KV, Kollektivarbeitsvertrag, Kollektivvertrag",276
Hypothek,197
Verpfändung von Wertpapieren,1
häusliche Gewalt,3
"Fruchtgenuss, Fruchtgenussrecht",76
"Fruchtgenuss, Fruchtgenussrecht",76
"Dienstrang, Rang, beruflicher Rang",257
"Dienstrang, Rang, beruflicher Rang",257
Veräußerungsverbot,9
"Katastermappe, Katasterplan",3
"Grundkataster, Grundstückkataster",3
"Grundkataster, Grundstückkataster",3
wirtschaftliche Tätigkeit,20
Vereinigung,249
künftiges Gut,0
gerichtliche Verfügung,6
Abfassung des Protokolls,7
"Beschlussfassung über das Urteil, Urteilsberatung",3
"Anklagegrundsatz, auf dem Anklagegrundsatz fußendes Prozessmodell",0
"Flüchtiger, flüchtiger Angeklagter",0
vorbeugende Maßnahme,7
Untersuchungsgrundsatz,0
"Hemmung, Hemmung der Verjährung",29
"Ergebnis des Geschäftsjahres, wirtschaftliches Ergebnis",3
Gebrauch,539
Nichtigerklärung,100
Rechtshandlung,134
"Rechtstitel, Titel",1058
"Rechtstitel, Titel",1058
Treuhänder,0
"Abschluss eines Vertrages, Vertragsabschluss",45
halbbürtige Geschwister,4
Heilung,19
"Berufung an den Kassationsgerichtshof, Kassationsbeschwerde",50
"Berufung an den Kassationsgerichtshof, Kassationsbeschwerde",50
"Androhung, Bedrohung",8
"Androhung, Bedrohung",8
"Haftung, Verantwortlichkeit, Verantwortung, zivilrechtliche Haftung",1023
"Wiederkauf, Wiederkaufsrecht",23
Zinssatz,51
"Fälligkeitstermin, Zeitpunkt der Fälligkeit",12
Nennwert,43
"Versicherer, Versicherungsgesellschaft",119
Auftraggeber,533
Unfruchtbarkeit,8
Pfad,2
"Kennzeichen, Kennzeichenschild",123
"Beförderung von Sachen, Güterbeförderung",41
Verbesserung,558
"Darlehen, Darlehensvertrag",643
"Darlehen, Darlehensvertrag",643
"Forststraße, Forstweg",2
"Geldbuße, Geldstrafe",920
"Geldbuße, Geldstrafe",920
Absonderung der Güter des Verstorbenen,3
geistiger Beruf,0
Testamentsvollstreckung,0
Last der Erbschaft,0
gerichtliche Teilung,3
Ausrüstung,143
"Haufen, bewaffnete Bande, bewaffneter Haufen",2
Schenkung unter Auflage,2
"Unterschrift, Unterzeichnung",548
"Unterschrift, Unterzeichnung",548
Plünderung,0
Aneignung,42
Unschuldiger,0
Wegnahme einer Leiche,0
"FQN, Fahrerqualifizierungsnachweis",9
"FQN, Fahrerqualifizierungsnachweis",9
Widerspruch gegen den Antrag auf Archivierung,2
Hypothekarschuldner,0
"Option, Optionsvertrag",19
Titel,823
Erfüllung der Auflage,4
Verkehrszeichen,55
Zusatzzeichen und -einrichtung,0
Lichtzeichen,8
Vorfahrtszeichen,2
Verbotszeichen,2
Gebotszeichen,3
Einsturz eines Gebäudes,1
"Theorieprüfung, theoretische Prüfung",7
"Führerscheinprüfer, Prüfer",27
Echtheit,14
Geh- und Radweg,1
"Eheschließung vor dem Standesbeamten, Zivilehe",1
Schwangerschaftsabbruch,0
künstliche Befruchtung,0
Vermerk,54
Gespräch,72
provisorisches Kennzeichen,0
"Kfz, Kraftfahrzeug",25
Beschädigung des Fahrzeugscheins,0
"Abmeldung, Löschung",173
Eugenik,1
Nationalflagge,0
Legislative,5
vorausgegangene Entscheidung,0
Verschwendungssucht,3
Bezüge der Abgeordneten,0
rechtsprechende Gewalt,0
Parlamentsunterlagen,0
Konferenz der Fraktionsvorsitzenden,0
Parlament in gemeinsamer Sitzung,6
Zuständigkeit,1060
öffentlich-rechtlicher Akt,0
Kollegialorgan,19
Gerichtsorgan,2
Ehefreiheit,0
Geburtsnachweis,0
"Anmeldung einer Geburt, Geburtsanmeldung",0
"Anmeldung einer Geburt, Geburtsanmeldung",0
"Gesetzgebungsgewalt, gesetzgebende Gewalt",4
Erlass,289
Klagebefugnis,3
"Ermächtigung zur Führung eines Prozesses, Klagebefugnis",3
"E-Government, digitale Verwaltung, eGov, eGovernment",6
Protokolldatei,0
Spam,0
willentlich,5
Berichterstatter,45
Verzicht auf die Verfahrenshandlungen,1
"Biogasanlage, Biomüllvergärungsanlage, Faulturm, Fermenter",1
"Biogasanlage, Biomüllvergärungsanlage, Faulturm, Fermenter",1
"Biogasanlage, Biomüllvergärungsanlage, Faulturm, Fermenter",1
Krematorium,0
Abfallbehandlung,2
medizinischer Abfall,0
amtliches Sachverständigengutachten,0
Kassationsgerichtshof,38
Eheversprechen,7
"Gesellschafterversammlung, Versammlung",535
"Gesellschafterversammlung, Versammlung",535
Gesellschaftsvertrag,16
Bezirksgericht,92
Qualifizierungssystem,14
Register für die Nachrichten über strafbare Handlungen,2
"Berufungsschwurgericht, Schwurgericht zweiter Instanz",13
"Bezirksgericht, Bezirksrichter",131
"Bezirksgericht, Bezirksrichter",131
gesetzlicher Ehegüterstand,1
Nutzungspfand,9
Oberlandesgericht,118
Schwurgericht,36
Zubehör,256
Schatzfund,0
Abtretung,317
höhere Gewalt,28
"Zeugenaussage, Zeugenbeweis",29
"Gründungsakt, Gründungsurkunde, Gründungsvertrag",236
Einlage,43
höhere Gewalt,28
Geisteskrankheit,23
"Kompetenzkonflikt, Zuständigkeitskonflikt",5
"Wille, Wollen",272
Bestimmung der Verfahrenskosten,1
Speditionsvertrag,2
Darlegung der Tatsachen,10
"G, Gesetz",4461
Touristiksachbearbeiter,5
unverletzliche Rechte des Menschen,0
Nutzen,293
Auslegung durch die Rechtsprechung,1
Ziviljustiz,0
"elektronische Akte, elektronische Verfahrensakte",2
Pflegschaft,6
Aufsichtsrat,100
"Arzneimittelkontrolle, Arzneimittelüberwachung, Pharmakovigilanz",2
"Arzneimittelkontrolle, Arzneimittelüberwachung, Pharmakovigilanz",2
Ethikkomitee,13
"Kraftfahrzeughaftpflichtversicherung, Pflichtversicherung",24
Kode,11
unbezahlte Arbeit,0
klinischer Versuch,0
Gebühreneinheit,0
Geburtenregister,5
Außenpolitik,2
Lebensgemeinschaftsvertrag,0
Personenstand,19
Fahrzeugscheininhaber,0
ordentlicher Richter,0
Kraftwagen,128
Personenkraftwagen,37
Kraftomnibus,0
außerhalb von Geschäftsräumen geschlossener Vertrag,0
Direktverkauf,4
Gelenkbus,0
Wohnmobil,1
Lastzug,2
Flurförderzeug,2
landwirtschaftliche Maschine,1
landwirtschaftliche Zugmaschine,0
im Einvernehmen,595
Privatinteresse,0
landwirtschaftliche Arbeitsmaschine,0
"Privatschule, private Schule",11
"Privatschule, private Schule",11
verwaltungsgerichtlicher Rekurs,0
Handfahrzeug,0
Kradfahrzeug,2
Fußgängerstrom,1
Kraftrad mit Beiwagen,0
"Staatsprüfung, Staatsprüfung zur Erlangung der Berufsbefähigung",33
"Staatsprüfung, Staatsprüfung zur Erlangung der Berufsbefähigung",33
freie Einwilligung,0
Vertrauensperson,43
"Krankenakte, Krankengeschichte, Patientenakte",16
"Kläranlage, Klärwerk, Wasserreinigungsanlage",41
"Kläranlage, Klärwerk, Wasserreinigungsanlage",41
"Kläranlage, Klärwerk, Wasserreinigungsanlage",41
fließendes Gewässer,1
Oberflächengewässer,115
Grundwasser,101
"Landschaftsplan, Landschaftsschutzplan",19
Nebenerzeugnis,4
Vermittler von Abfällen,2
Umweltverschmutzung,27
Schwangerschaftsabbruch ohne Einwilligung der Schwangeren,0
Denkmalschutz,68
Erhaltung von Kulturgütern,3
"Nutzung, öffentliche Nutzung",1313
"Nutzung, öffentliche Nutzung",1313
Vorbeugung,250
öffentliche Bibliothek,6
archäologische Fundstätte,1
Privatarchiv,0
Zwischenarchiv,7
"Atemschutz, Atemschutzgerät, Schutzausrüstung der Atemwege",1
"Gehörschutzpfropfen, Gehörschutzstöpsel, Ohrenstöpsel, Stöpsel für das Gehör",1
"Gehörschutzpfropfen, Gehörschutzstöpsel, Ohrenstöpsel, Stöpsel für das Gehör",1
dämmende Wirkung,1
Gehörschutzbügel,0
Gehörschutzkapsel,0
Halteseil,0
Anstoßkappe,0
"IR, Infrarotstrahlung",2
"IR, Infrarotstrahlung",2
Knieschützer,0
Korbbrille,0
oberer Auslösewert,0
Restrisiko,1
Rückhaltesystem,1
"Schadstoff, gesundheitsschädlicher Stoff, schädlicher Arbeitsstoff, schädlicher Stoff",0
"Schadstoff, gesundheitsschädlicher Stoff, schädlicher Arbeitsstoff, schädlicher Stoff",0
Sicherheitsgurt,4
"Schutzärmel, Unterarmstulpe",0
"Schutzärmel, Unterarmstulpe",0
"Auffangsystem, Schutzsystem gegen Absturz",1
"Turmdrehkran, Turmkran",0
Umgebungstemperatur,2
unterer Auslösewert,0
"UV-B-Strahlung, UVB-Strahlung",2
UV-C-Strahlung,1
"UV, UV-Strahlung, ultraviolette Strahlung",3
"UV, UV-Strahlung, ultraviolette Strahlung",3
"UV, UV-Strahlung, ultraviolette Strahlung",3
Arbeitsstoff,17
Ausbildung,1351
Betriebsarzt,66
"Bildschirmarbeiter, Bildschirmverwender",0
"Bildschirmarbeiter, Bildschirmverwender",0
Brandrisiko,7
Brandschutzbeauftragter,1
Erste-Hilfe-Beauftragter,0
"Mikroklima, Raumklima",11
"Mikroklima, Raumklima",11
"PSA, persönliche Schutzausrüstung",41
Risikobeseitigung,1
Risikowahrnehmung,0
Schadensausmaß,2
"Arbeitsschutzmaßnahmen, Präventions- und Schutzmaßnahmen, Vorbeuge- und Schutzmaßnahmen, Vorsorge- und Schutzmaßnahmen",40
"Arbeitsschutzmaßnahmen, Präventions- und Schutzmaßnahmen, Vorbeuge- und Schutzmaßnahmen, Vorsorge- und Schutzmaßnahmen",40
"Präventionsmaßnahme, Vorbeugemaßnahme, Vorsorgemaßnahme",1
"Präventionsmaßnahme, Vorbeugemaßnahme, Vorsorgemaßnahme",1
Vorsorgeuntersuchung,2
Flussverkehr,0
verbale Kommunikation,10
"Bildzeichen, Piktogramm",17
"Bildzeichen, Piktogramm",17
"Dachfenster, Oberlicht",0
Löschmittel,4
elektrischer Leiter,0
Betriebsanweisung,0
Schutz der Atemwege,20
Sammelplatz,8
Notversorgung,3
"Einweiser, Signalgeber",8
"Einweiser, Signalgeber",8
Lüftung,24
künstliche Belüftung,0
Raumluft,2
"Selbstentzündungstemperatur, Zündpunkt, Zündtemperatur",0
"Vollbrand, voll entwickelter Brand",0
Abkühlen,1
Löschdecke,1
Ersticken,1
Zündphase,0
Entstehungsphase,1
tragbarer Feuerlöscher,0
Brandmelder,6
"erhöhtes Brandrisiko, hohes Brandrisiko",0
"geringes Brandrisiko, niedriges Brandrisiko",0
Überflurhydrant,0
automatische Löschanlage,1
Wasserlöscher,0
"Lpeak, Spitzenschalldruckpegel",0
Wegeunfall,0
Lärmrisiko,0
Kapselung,1
Schalldämmung,9
Lärmbewertung,0
hochentzündlich,0
organisatorische Maßnahme,0
"MAK, maximale Arbeitsplatzkonzentration",5
PNEC,0
"Karzinogen, karzinogener Arbeitsstoff",1
Räumungsübung,2
elektrisches Risiko,0
Konformitätserklärung,35
"Anforderung an Sicherheit und Gesundheit, Sicherheitsanforderung",0
"Arbeit an unter Spannung stehenden Teilen, Arbeit unter Spannung, Arbeiten unter Spannung",1
"Arbeit an unter Spannung stehenden Teilen, Arbeit unter Spannung, Arbeiten unter Spannung",1
thermische Energie,2
"FI-Schutzschalter, Fehlerstromschutzschalter",1
"FI-Schutzschalter, Fehlerstromschutzschalter",1
"EP, Elektrofachkraft, PES, erfahrene Person",0
"PAV, elektrotechnisch unterwiesene Person, unterrichtete Person, vorgewarnte Person",0
Kleinspannung,1
gewöhnliche Person,0
"HAV, Hand-Arm-Vibrationen",5
"HAV, Hand-Arm-Vibrationen",5
"GKV, Ganzkörper-Vibrationen, WBV",5
"GKV, Ganzkörper-Vibrationen, WBV",5
indirekte Auswirkungen,1
Antivibrationshandschuh,0
"A(8), Tagesexpositionswert, täglicher Expositionspegel",4
"PSA gegen Absturz, Schutzausrüstung gegen Absturz, persönliche Schutzausrüstung gegen Absturz",1
"PSA gegen Absturz, Schutzausrüstung gegen Absturz, persönliche Schutzausrüstung gegen Absturz",1
Sicherheitsseil,3
"Drogenmissbrauch, Missbrauch von Betäubungsmitteln",3
"Gefahrengut, Gefahrgut",9
"Gefahrengut, Gefahrgut",9
thermisches Risiko,0
"Screeningtest, toxikologische Screening-Untersuchung",0
Belüftungssystem,0
periodische Überprüfung,15
Schutzsystem,5
Mindestzündenergie,0
primärer Explosionsschutz,0
sekundärer Explosionsschutz,0
"Gefährdungsbeurteilung, Risikobewertung",113
"Gefährdungsbeurteilung, Risikobewertung",113
Arbeitsrisiko,0
Anlegeleiter,0
sich ständig wiederholende Arbeit,0
Schutzgitter,4
"UV-A-Strahlung, UVA-Strahlung",2
"UV-A-Strahlung, UVA-Strahlung",2
"ADR-Fahrerbescheinigung, ADR-Fahrernachweis",0
"ADR-Fahrerbescheinigung, ADR-Fahrernachweis",0
IR-A-Strahlung,0
IR-B-Strahlung,0
IR-C-Strahlung,0
negativer Stress,0
"Arbeitnehmer mit Behinderungen, behinderter Arbeitnehmer",1
"Auftritt, Auftrittsfläche, Trittfläche",32
"Auftritt, Auftrittsfläche, Trittfläche",32
"Stufenhöhe, Tritthöhe",3
"Stufenhöhe, Tritthöhe",3
Risikomanagement,9
Asbestose,0
Spreizsicherung,0
"Elektrosmog, elektromagnetische Strahlenbelastung",1
"Elektrosmog, elektromagnetische Strahlenbelastung",1
biologisches Risiko,3
genetisch veränderter Mikroorganismus,0
Strickleiter,0
"biologischer Arbeitsstoff, biologischer Wirkstoff",1
biologischer Arbeitsstoff der Gruppe 4,1
"Einmalhandschuh, Einweghandschuh, Wegwerfhandschuh",0
"Einmalhandschuh, Einweghandschuh, Wegwerfhandschuh",0
"Einmalhandschuh, Einweghandschuh, Wegwerfhandschuh",0
"Sicherheits- und Gesundheitsschutzkoordinator in der Ausführungsphase des Bauvorhabens, Sicherheitskoordinator in der Ausführungsphase",16
"Absturzrisiko, Absturzrisiko aus der Höhe",5
Radonfolgeprodukt,0
Strahlenschutzsachverständiger,1
Radongebiet,0
Bauleiter,249
Verbinder,1
"Erholungsraum, Pausenraum",4
Unfallmeldung,0
"FHAB, Hubarbeitsbühne, fahrbare Hubarbeitsbühne",0
"FHAB, Hubarbeitsbühne, fahrbare Hubarbeitsbühne",0
"FHAB, Hubarbeitsbühne, fahrbare Hubarbeitsbühne",0
Brandschutzzeichen,1
Entscheidungsvorbereitung,15
flüssiger Brennstoff,0
Sturz,8
biologischer Arbeitsstoff der Gruppe 1,0
biologischer Arbeitsstoff der Gruppe 2,0
biologischer Arbeitsstoff der Gruppe 3,0
"Stiege, Stiegenhaus, Treppenhaus",34
"Armschutz, Armschutzausrüstung",0
"Armschutz, Armschutzausrüstung",0
"Kopfschutz, Kopfschutzausrüstung",0
nicht elektrische Arbeit,0
akute Toxizität,0
chronische Toxizität,0
Gleichstrom,2
Wechselstrom,1
Arbeitsschutzmanagement,0
frequenzbewertete Beschleunigung,0
Auswirkungen von Hand-Arm-Vibrationen,0
ärztliche Untersuchung,16
Vorsorgeuntersuchung vor der Einstellung,0
Begräbnis,2
"Auftraggeber, Bauherr, Besteller",606
"Auftraggeber, Bauherr, Besteller",606
starkgebundener Asbest,0
"elektrisches Handwerkzeug, tragbares Elektrowerkzeug",0
Arbeit in beengten Bereichen,0
künstliches Licht,0
Arbeiten am Seil,0
"analoge Abschrift, analoge Ausfertigung",0
"digitale Kopie, informatische Abschrift",2
"digitale Kopie, informatische Abschrift",2
Antispam-Software,0
Smart Working,6
Robe,2
Desinfektion,33
"Isolation, Isolierung",33
Metadaten,0
"häusliche Isolation, häusliche Isolierung",0
Eindämmungsmaßnahme,0
COVID-19,190
Nasen-Rachen-Abstrich,0
"OP-Maske, chirurgische Maske",3
"Distanzunterricht, Fernunterricht, digitaler Unterricht",13
Schulschließung,0
digitale Lernplattform,0
Kontagiosität,0
E-Geld,0
psychische Belastung,0
Umfrage,5
"E-Rezept, digitalisiertes Rezept, elektronisches Rezept",0
"Fax, Telefax",63
"Arbeitsunfähigkeitsrente, Erwerbsunfähigkeitsrente",0
"Arbeitsunfähigkeitsrente, Erwerbsunfähigkeitsrente",0
E-Health,1
Reproduktionszahl,0
"Rt, effektive Reproduktionszahl",1
"Rt, effektive Reproduktionszahl",1
"Stufe, Treppenstufe",132
Kontaktnachverfolgung,0
Krankenpfleger,62
Prüfungskommission,341
Kassationsbeschwerde,48
SARS-Cov-2,14
Antigen-Schnelltest,0
Durchimpfungsrate,1
Arbeitsplatzpositionierungssystem,0
"Antigen-Nasenflügel-Schnelltest, Nasenflügeltest",0
Nebenwirkung,1
spontane Meldung,0
Morbidität,0
unvorhergesehene Nebenwirkung,0
"Auffrischungsdosis, Boosterdosis",0
"Auffrischungsdosis, Boosterdosis",0
nationales Impfregister,0
Kombinationsimpfstoff,0
"Malware, Schadprogramm",0
"Malware, Schadprogramm",0
"Erpressungstrojaner, Ransomware",0
"Erpressungstrojaner, Ransomware",0
Pulverlöscher,1
"PNRR, nationaler Aufbau- und Resilienzplan, nationaler Wiederaufbau- und Resilienzplan",0
"einheitliches Familiengeld, einheitliches Kindergeld, einheitliches und universelles Kindergeld, gesamtstaatliches Kindergeld",0
Cybersicherheitsvorfall,0
Cloud-Dienst,0
Suchmaschine,0
Recht auf Abschalten,0
"Einlassung der Partei, Einlassung der Parteien",11
Besitzschutzklage,0
Streitgenossenschaft,6
"Aufhebung, Außerkraftsetzung",371
"Aufhebung, Außerkraftsetzung",371
Beitritt,107
"Einlassung in das Verfahren, Streiteinlassung",14
dingliches Recht,4
Durchführungsverordnung,2252
"Disziplinarmaßnahme, Disziplinarstrafe",45
Ministerrat,25
Bürgschaft,101
"Bevollmächtigter, Vertreter",1575
"Gesellschaft mit beschränkter Haftung, GmbH",38
Vormund,109
Forderung,280
"ZGB, Zivilgesetzbuch",217
Schiedsvertrag,8
elterliche Gewalt,48
Abstammung,33
unerlaubte Handlung,7
Legitimation durch nachfolgende Eheschließung,2
Verteidiger,156
Vollstreckung,225
"Erbschaft, Verlassenschaft",192
Pflichtteilsberechtigter,0
"Erbteilung, Teilung der Erbschaft",10
Berichtigung inhaltlicher Fehler,2
"Durchsuchung der Person, Leibesvisitation",2
Dekret auf Einleitung des Hauptverfahrens,6
Vermächtnis,59
"Satzung, Statut",852
bewegliche Sache,14
natürliche Früchte,2
Zivilfrüchte,5
Erwerb,635
"Eigentum an Grund und Boden, Grundeigentum",8
"Bereich unter der Erdoberfläche, Untergrund",98
"Dienstbarkeit, Grunddienstbarkeit",140
"Dienstbarkeit, Grunddienstbarkeit",140
Inhaber,965
"Verbindung, Zuwachs",436
herrschendes Grundstück,0
dienendes Grundstück,0
"Gesamtschuld, Gesamtschuldverhältnis, Gesamtverbindlichkeit",14
"Gesamtschuld, Gesamtschuldverhältnis, Gesamtverbindlichkeit",14
Neuerung,23
"Versammlung der Hausmiteigentümer, Versammlung der Miteigentümer",6
Standesbeamter,0
Versöhnung,5
einverständliche Ehetrennung,1
Besitz in gutem Glauben,5
Klage auf Erhaltung des Besitzes,2
ungeteiltes Eigentum,1
"Anspruch auf Unterhalt, Anspruch auf vollen Unterhalt, Recht auf Unterhalt",5
Quittung,42
Kindesunterschiebung,2
"Klage auf Bestreitung der Vaterschaft, Vaterschaftsbestreitungsklage",13
Vorfahre,4
Nachkomme,4
Spezialvollmacht,2
Entlassung aus der elterlichen Verantwortung,2
Vormundstellvertreter,20
Darlehensgeber,14
Darlehensnehmer,41
Realangebot,5
Aufforderung,434
Neuerung,23
"Aufrechnung, Verrechnung",91
Miterbe,13
Adoptierender,3
Einwendung,32
"Bezugsrecht, Optionsrecht",39
Vermächtnisnehmer,94
gesetzliche Erbfolge,2
aufschiebende Bedingung,3
notarielles Testament,0
Beschwerter,0
Nacherbfolge,9
"Testamentsvollstrecker, Testamentvollstrecker",23
Veräußerung,296
Erbmasse,11
Abmachung des Heimfalls,1
"Arbeitsvertrag, Einzelvertrag, Individualarbeitsvertrag, Individualvertrag",249
Versprechender,0
übermäßige Belastung,2
"Gewähr für die gute Gebrauchsfähigkeit, Gewährleistung für die gute Gebrauchsfähigkeit",2
Lehrling,66
Handelsregisteramt,51
Werkhersteller,13
Teilleistung,4
Agenturvertrag,6
Makler,20
Verwahrer,159
Lagerschein,8
"Indossament, Indossierung",44
Pfandgläubiger,9
Indossant,12
Entlehner,15
"Gesellschaftsverbindlichkeiten, Verbindlichkeiten der Gesellschaft",22
Liquidator,11
Sparbuch,8
Börsenmakler,5
Bankvorschuss,0
beglaubigte Unterschrift,5
Wettbewerbsverbot,3
Herabsetzung des Kapitals,23
grobe Fahrlässigkeit,30
Wegfall des Risikos,2
Zusammenlegung,103
Gründungsgesellschafter,6
Rücklagen,97
Gesamtrechtsnachfolge,9
"Recht auf Gewinnbeteiligung, Recht auf den Gewinn",3
abhängige Gesellschaft,4
außerordentliche Gesellschafterversammlung,25
Masseverwalter,83
"Nichtwählbarkeit, Unwählbarkeit",18
gesetzliche Rücklage,4
"Bücher der Gesellschaft, Gesellschaftsbücher",8
"Gesellschafterbuch, Mitgliederverzeichnis, Mitgliedsbuch",37
"Buch für die Schuldverschreibungen, Buch über die Schuldverschreibungen",2
Bilanz,156
immaterielles Anlagevermögen,3
"Aufwendungen, Ausgaben, Auslagen, Kosten",7428
"Aufwendungen, Ausgaben, Auslagen, Kosten",7428
Marke,42
Sachanlagevermögen,2
Finanzanlagevermögen,3
"Mehrwertsteuer, MwSt.",302
"Eigenkapital, Reinvermögen",29
"Aktiva, Aktivseite, Aktivstand, Aktivvermögen",61
"Scheckbürgschaft, Wechselbürgschaft",2
Gutschrift,19
Erbschaftssteuer,3
Mehrwert,13
nacktes Eigentum,0
"Erhöhung des Kapitals, Kapitalerhöhung",48
überflüssiges Kapital,0
übernehmende Gesellschaft,4
gerichtlicher Schutz,1
Sicherungsbeschlagnahme,3
"Alleinverwalter, alleiniger Verwalter",4
Mitgliederversammlung,107
Gerichtssprengel,7
"Geschäfte für die Gesellschaft, Handlungen für die Gesellschaft",3
Arbeit,1304
Verlust am Gesellschaftskapital,1
Ausgabe,832
Aufnahme der Beweismittel im Beweissicherungsverfahren,1
"Flucht, fluchtbedingte Unauffindbarkeit",13
stattgebendes Urteil,0
zurechnungsfähig,5
Willensfähigkeit,0
Vormundschaft,53
"Verteidigungseingabe, Verteidigungsschrift",3
gewerbsmäßiger Verbrecher,0
außergerichtliches Geständnis,1
"Ausschluss von öffentlichen Ämtern, Verbot der Ausübung öffentlicher Ämter, Verbot der Bekleidung öffentlicher Ämter",11
Schuldindiz,0
"Amtsakte, Gerichtsakte",30
Miteigentümer,104
Erbgemeinschaft,1
"Inhaber des Überbaurechts, Überbauberechtigter",0
Ehegütervertrag,1
"Witwenschaft, Witwenstand, Witwerstand",0
abschreibungsfähiges Gut,0
Trennung der Rechtsstreitigkeiten,0
"Aufnahme, Übernahme",1553
Spaltungsplan,3
Gegenüberstellung,16
Erklärung,1517
direkte Vernehmung,2
erkennendes Gericht,0
Gericht erster Instanz,5
Richter für die Vorerhebungen,12
Begnadigung,3
"gesetzesmäßig, gesetzlich, gesetzmäßig",415
"bedingte Aussetzung der Strafe, bedingte Strafaussetzung",1
fortgesetzte strafbare Handlung,4
Aufenthaltsgebot,0
an der Börse notierte Aktie,0
Fund,6
gutgläubiger Besitzer,2
Wiedergutmachung wegen ungerechtfertigter Haft,2
"Bücher, Rechnungsunterlagen",213
Einlassung der Zivilpartei,10
Vorzugsrecht,108
Frachtgeld,0
zusammengesetzte strafbare Handlung,0
Wahlbefugnis,5
Gesamtrechtsnachfolger,1
Erbschaftsvermögen,1
Vermächtnis einer bestimmten Sache,0
Liquidation der Gesellschaft,2
Redlichkeit,6
"Wohnrecht, Wohnungsrecht",32
Unerlaubtheit,6
übernehmende Gesellschaft,4
Einigung der Parteien,4
Arglist,34
"Annullierung, Aufhebung",419
Grenzen,537
Volljährigkeit,39
Vertretener,0
Stimmrecht,197
gemeinsame Absicht der Parteien,1
Fortpflanzungsfähigkeit,0
Pflicht zur Treue,1
"Minderjähriger, minderjährige Person",66
Heimfall,14
Strand,1
Zeuge,14
Pseudonym,2
Erblasser,130
Bankgeschäft in Form des Kontokorrents,0
Mutwilligkeit,1
erhoffter Gewinn,0
"Parteienvernehmung, förmliche Vernehmung",2
notwendige Ausbesserungen,1
Schuldverschreibung,3
Einheit des Staates,0
militärische Operation,0
militärische Spionage,0
Tonaufnahme,6
Tonbildaufnahme,2
Anführer,0
Vermögen des Staates,17
Pflichtversicherungsschein,0
Fußgänger,45
ampelgeregelter Fußgängerüberweg,0
"Fahrbahnteiler, Verkehrstrennungsinsel",7
Saumpfad,2
Parken,61
Kaution,324
schwerwiegende Schuldindizien,0
"Zuweisung eines Zwangsaufenthalts, Zwangsaufenthalt",2
Amtsgutachten,8
Zulassungsbescheinigung des Herkunftsstaates,1
"Unterscheidungszeichen des Herkunftsstaates, Unterscheidungszeichen des Zulassungsstaates",1
Strafrechtspflege,0
Wiederaufnahme,181
Berufungskläger,7
berechtigte Verhinderung,1
"Gewährung der Verfahrenshilfe, Zulassung zum kostenlosen Rechtsbeistand",0
Mitangeklagter,0
Erörterung,105
Hauptverfahren,39
als freie Person,1
Zwischenstreitfrage,1
Einleitung des Hauptverfahrens,22
auf Verurteilung lautendes Urteil,9
Freilandstraße,4
Verteidiger der verletzten Person,1
"Feststellung der Identität der Person, Identifizierung der Person",9
Erhebung,332
Vorerhebungen,57
"Verdächtiger, eines Verbrechens verdächtigte Person",0
"Ansuchen um Strafverfolgung, Strafantrag",14
"Person, die über den Sachverhalt Bescheid weiß",0
Vorfahrt,22
Probeabmachung,2
Mietfahrzeug mit Fahrer,5
"Verteidigungshandlung, Verteidigungsschrift, Verteidigungsvorbringen",9
Mitglied des Aufsichtsrats,1
"Auferlegung der Kosten, Verurteilung zur Tragung der Kosten",2
Leistungsaufforderung,10
Verwahrer,159
"Ehegatte, Ehegattin",170
"Berufung an den Kassationsgerichtshof, Kassationsbeschwerde",50
"Eid, Eidesleistung",58
Entziehung,37
gerichtlicher Augenschein,1
Hypothek,197
Verpfändung von Wertpapieren,1
"Fruchtgenuss, Fruchtgenussrecht",76
"Katastermappe, Katasterplan",3
Abfassung des Protokolls,7
"Flüchtiger, flüchtiger Angeklagter",0
vorbeugende Maßnahme,7
"Berufung an den Kassationsgerichtshof, Kassationsbeschwerde",50
Nennwert,43
Pfad,2
"Geldbuße, Geldstrafe",920
Absonderung der Güter des Verstorbenen,3
geistiger Beruf,0
Plünderung,0
Widerspruch gegen den Antrag auf Archivierung,2
Erfüllung der Auflage,4
Zusatzzeichen und -einrichtung,0
Zuständigkeit,1060
"Gesellschafterversammlung, Versammlung",535
Gesellschaftsvertrag,16
Register für die Nachrichten über strafbare Handlungen,2
gesetzlicher Ehegüterstand,1
Nutzungspfand,9
Schwurgericht,36
Zubehör,256
Einlage,43
Bestimmung der Verfahrenskosten,1
Darlegung der Tatsachen,10
Auslegung durch die Rechtsprechung,1
Ethikkomitee,13
landwirtschaftliche Arbeitsmaschine,0
archäologische Fundstätte,1
Privatarchiv,0
"Arbeitsschutzmaßnahmen, Präventions- und Schutzmaßnahmen, Vorbeuge- und Schutzmaßnahmen, Vorsorge- und Schutzmaßnahmen",40
"Dachfenster, Oberlicht",0
"MAK, maximale Arbeitsplatzkonzentration",5
Schutzsystem,5
nicht elektrische Arbeit,0
ärztliche Untersuchung,16
Begräbnis,2
künstliches Licht,0
